status,name,address,rating,reviews,types,amenities,neighborhood,website,place_id,description,reason
NEW,"Seattle Sauna","2401 N Northlake Way Building G, Seattle, WA 98103, USA",5,125,"Boutique Sauna","cold_plunge; steam_room","Fremont","https://www.seattlesauna.com/?utm_source=google&utm_medium=gbp",ChIJobKAsJIVkFQR4DP0pdcr4_U,"The sauna and facilities were very clean and the attendant was friendly and helpful.",
NEW,"Hothouse Spa & Sauna","1019 E Pike St Hh, Seattle, WA 98122, USA",4.7,246,"Boutique Sauna","dry_sauna; steam_room; pool","SoDo","http://www.hothousespa.com/",ChIJFcr4N8xqkFQRmHDvFEwIquk,"It was relaxing, everything was working.",
NEW,"Wild Haus Floating Saunas","10 E Allison St, Seattle, WA 98102, USA",4.9,100,"Float Spa","dry_sauna","Pioneer Square","https://thewildhaus.com/",ChIJI04gsEoVkFQRnI8CwejhjFQ,"A refuge of peace, perspective and wellness in the heart of the city.",
NEW,"Banya 5","217 9th Ave N, Seattle, WA 98109, USA",4.5,753,"Russian Bathhouse","dry_sauna; cold_plunge; steam_room; massage; pool","Queen Anne","http://www.banya5.com/",ChIJMZB7KEgVkFQR4rfu5Fsaz-4,"People constantly shuffling in a very small space.",
NEW,"Bywater Sauna","8498 Seaview Pl NW, Seattle, WA 98117, USA",5,80,"Boutique Sauna","dry_sauna; cold_plunge","","https://www.bywatersauna.com/",ChIJ6x1JWbQXkFQRghYakQcIPBE,"Beautiful saunas, all extremely clean and such great vibes!",
NEW,"Sauna Hut Green Lake","6847 Oswego Pl NE, Seattle, WA 98115, USA",4.6,40,"Boutique Sauna","massage","University District","http://www.sauna-hut.com/",ChIJMWL6sxYVkFQRYW9e20PPtfE,"Three saunas aptly named after warm cities - Cabo, Miami & Rio.",
NEW,"Von Sauna","1200 Carillon Point, Kirkland, WA 98033, USA",5,514,"Boutique Sauna","cold_plunge","","https://www.vonsauna.co/",ChIJhZqqikkTkFQRri8w7zMyvG8,"The space was clean and booking was super easy.",
NEW,"Salt & Cedar Sauna Seattle","10 Dravus St, Seattle, WA 98109, USA",5,15,"Infrared Sauna","dry_sauna","Queen Anne","https://www.saltandcedarsauna.com/",ChIJHbq4IbsVkFQRk07pwfcmv2s,"Ricardo and his team are talented in creating an infrared sauna that has excellent craftsmanship and locally made.",
NEW,"Soak & Sage - A Social Wellness Spa","1135 Lake Washington Blvd N suite 60, Renton, WA 98057, USA",4.9,1720,"Day Spa","cold_plunge; steam_room; massage; pool","Renton","http://www.soakandsagespa.com/",ChIJY_OBYTVpkFQR64426ZIdHHw,"This spa is absolutely wonderful.",
NEW,"Steamworks Baths Seattle","1520 Summit Ave, Seattle, WA 98122, USA",3.6,108,"Modern Bathhouse","steam_room","SoDo","https://www.swbaths.com/",ChIJcb0nQMtqkFQRJd_w5dVdJ3c,"It's also a safe space:
If one want to visit and not getting touched at all, they can and everyone will respect that.",
NEW,"Bywater Sauna - Alki","2718 Alki Ave SW, Seattle, WA 98116, USA",5,10,"Boutique Sauna","cold_plunge","","https://www.bywatersauna.com/",ChIJIwuzDABBkFQR8k4lAkpRi4c,"The slow exposure to hot and cold over the last year has turned me into a beast, half ice turtle, half fire squirrel.",
NEW,"The Spa at Four Seasons Hotel Seattle","99 Union St, Seattle, WA 98101, USA",4.5,53,"Gym Sauna; Hotel Spa","dry_sauna; steam_room; massage","Downtown","https://www.fourseasons.com/seattle/spa/?utm_source=google&utm_medium=organicsearch&utm_campaign=tor-sew-spa-mid-seo-na&utm_content=na-na&utm_term=na",ChIJMRWkOLJqkFQRcN4k0a41OpE,"Outstanding massage and spa experience for the price.",
NEW,"Q Sauna & Spa","17420 Hwy 99, Lynnwood, WA 98037, USA",4.1,743,"Boutique Sauna","cold_plunge; massage; pool","","https://qspalynnwood.com/",ChIJV0iv5BwFkFQRmNM_ORPqqYo,"The best part was the pools and it did make me feel better about spending that much money.",
NEW,"Fyre Sauna","14123 Redmond - Woodinville Rd NE, Redmond, WA 98052, USA",4.9,101,"Traditional Bathhouse","dry_sauna; cold_plunge","","https://www.fyresauna.com/",ChIJ1WpJw8AETQcRvgIvO7vCIC8,"A must visit for anyone who loves sauna!",
NEW,"Sauna Hut Shoreline","1610 NE 179th St, Shoreline, WA 98155, USA",4.9,16,"Boutique Sauna","massage","Shoreline","http://www.thesaunahut.com/",ChIJjbELfgkRkFQRQlOiSwVo6rU,"Boutique Sauna offering sauna and wellness experiences.",
NEW,"Seattle Athletic Club","2020 Western Ave, Seattle, WA 98121, USA",4.3,162,"Gym Sauna","steam_room; massage; pool","Fremont","http://www.sacdt.com/",ChIJxRG0N00VkFQRDKdpTdUwLtc,"The saline pool is amazing, always at the perfect temp, and only 4.",
NEW,"Olympic Athletic Club","5301 Leary Ave NW, Seattle, WA 98107, USA",4.3,554,"Gym Sauna","steam_room; pool","Ballard","http://www.olympicathleticclub.com/?utm_campaign=gmb",ChIJQ-6exLYVkFQRd8Fg0Qp0R4A,"Elegant sports club with weights, cardio machines, group classes, an indoor pool, saunas & jacuzzis.",
NEW,"Seattle Massage Sauna & Float","2818 E Madison St, Seattle, WA 98112, USA",4.9,205,"Float Spa","massage","Capitol Hill","https://www.seattlemassagepro.com/",ChIJx3eCmCxrkFQR0hC2jCcTb-E,"It includes three services- a 30-minute sauna, 60-minute massage, and 60-minute float.",
NEW,"The Spa at Hotel 1000","1000 1st Ave, Seattle, WA 98104, USA",4.4,65,"Hotel Spa","massage","Downtown","https://www.hotel1000seattle.com/spa.htm",ChIJl7vutrFqkFQRvP9b5Q94UhA,"The spa is near Seattleâ€™s waterfront with easy access to Pike Place Market and major tourist paths.",
NEW,"Innovative Health Gym & Wellness Center","1916 23rd Ave S Ste A, Seattle, WA 98144, USA",4.8,122,"Gym Sauna","massage","Beacon Hill","https://ih-seattle.com/",ChIJ0y7vrdRrkFQR2sqKdDW-ieo,"Innovative Health is one of the best spaces in the city for fitness and health.",
NEW,"Float Seattle (South Lake Union)","567 John St Suite 1, Seattle, WA 98109, USA",4.9,299,"Float Spa","","Queen Anne","http://www.floatseattle.com/",ChIJ45bsVA8VkFQR6WDpc7s5Z1k,"Hairdryer, body lotion, and even contacts lenses cases are available in the nearby bathroom.",
NEW,"Vihta Sauna","3560 W Lake Sammamish Pkwy SE, Bellevue, WA 98008, USA",5,97,"Boutique Sauna","cold_plunge","","https://www.vihtasauna.co/",ChIJMWwWOgBvkFQRnagMpxJHX3s,"If you enjoy Finnishâ€‘style saunas, or if youâ€™re curious to try an authentic experience for the first time, this is a wonderful place to do it.",
NEW,"Float Seattle (Renton Landing)","727 N 10th St B, Renton, WA 98057, USA",4.9,111,"Float Spa","","Renton","https://www.floatseattle.com/",ChIJb0jz7aBpkFQRL1iunU_Ir8A,"The space was clean, calm, and beautifully maintained.",
NEW,"Equinox Rainier Square","401 Union St Suite 220, Seattle, WA 98101, USA",3.1,151,"Gym Sauna","coed","Downtown","https://equinox-spa.com/serviceGroupDetails?facilityId=790&cid=gmb",ChIJK5aexv1rkFQRYmDn8PVtBzA,"Andre and Eva were incredibly patient, transparent, and welcoming throughout the process.",
NEW,"Hotel 1000, LXR Hotels & Resorts","1000 1st Ave, Seattle, WA 98104, USA",4.5,1421,"Hotel Spa","","Downtown","https://www.hilton.com/en/hotels/sealxol-hotel-1000/?SEO_id=GMB-AMER-OL-SEALXOL&y_source=1_MjYwNjIwNDEtNzE1LWxvY2F0aW9uLndlYnNpdGU%3D",ChIJvYvFsLFqkFQRPF48-leg-gc,"Elegant property featuring contemporary rooms & suites, plus a virtual golf course & a hip eatery.",
NEW,"The Woodmark Hotel and Still Spa on Lake Washington","1200 Carillon Point, Kirkland, WA 98033, USA",4.6,1345,"Hotel Spa","","","https://www.thewoodmark.com/",ChIJ2_L9biwTkFQRCMXqMf-4_e0,"Traditional quarters in an upscale waterfront hotel with a spa, plus loaner bikes & kayaks.",
NEW,"Hyatt at Olive 8","1635 8th Ave, Seattle, WA 98101, USA",4.5,2559,"Hotel Spa","steam_room; pool","Downtown","https://www.hyatt.com/en-US/hotel/washington/hyatt-at-olive-8/seahs?src=corp_lclb_google_seo_seahs&utm_source=google&utm_medium=organic&utm_campaign=lmr",ChIJ4bhONLVqkFQRcwS1O0KlbOM,"Polished high-rise lodging with an indoor pool, plus a seafood restaurant, a bar & a spa.",
NEW,"Lotte Hotel Seattle","809 5th Ave, Seattle, WA 98104, USA",4.5,422,"Hotel Spa","steam_room","Downtown","https://www.lottehotelseattle.com/?utm_source=google&utm_medium=organic&utm_campaign=business_listing",ChIJl3yvuRJrkFQRa1ze_XPfDFo,"Chic rooms & suites, some overlooking the Puget Sound, in an upscale hotel offering dining & a spa.",
NEW,"Grand Hyatt Seattle","721 Pine St, Seattle, WA 98101, USA",4.5,3302,"Hotel Spa","pool","Downtown","https://www.hyatt.com/grand-hyatt/en-US/seagh-grand-hyatt-seattle?src=corp_lclb_google_seo_seagh&utm_source=google&utm_medium=organic&utm_campaign=lmr",ChIJPaRbJbVqkFQR2GRoeJYqWrU,"Warm rooms & suites in an upscale, high-rise lodging offering a spa, intimate dining & event space.",
NEW,"Four Seasons Hotel Seattle","99 Union St, Seattle, WA 98101, USA",4.6,1965,"Hotel Spa","pool","Downtown","https://www.fourseasons.com/seattle/?utm_source=google&utm_medium=organicsearch&utm_campaign=tor-sew-hre-mid-seo-na&utm_content=na-na&utm_term=na",ChIJsXC2QLJqkFQRVjAqYvY3XE0,"Posh rooms in an upmarket property with free Wi-Fi, regional fine dining, a spa & a rooftop pool.",
NEW,"The Alexis Royal Sonesta Hotel Seattle","1007 1st Ave, Seattle, WA 98104, USA",4.5,1099,"Hotel Spa","","Downtown","https://www.sonesta.com/royal-sonesta/wa/seattle/alexis-royal-sonesta-hotel-seattle?utm_source=google&utm_medium=organic&utm_campaign=gmb",ChIJcRowyrFqkFQRB8nWycTD-mE,"Elegant quarters in an upscale landmark property featuring a fitness center, plus a cafe & bar.",
NEW,"Hyatt Regency Lake Washington at Seattle's Southport","1053 Lake Washington Blvd N, Renton, WA 98056, USA",4.5,3003,"Hotel Spa","pool","Renton","https://www.hyatt.com/en-US/hotel/washington/hyatt-regency-lake-washington-at-seattles-southport/searl",ChIJcTnH_zxokFQRK-VP7sqgc48,"Polished lakefront hotel offering an indoor pool & a gym, plus a chic farm-to-table restaurant.",
NEW,"W Seattle","1112 4th Ave, Seattle, WA 98101, USA",4.3,2602,"Hotel Spa","","Downtown","https://www.marriott.com/en-us/hotels/seawh-w-seattle/overview/?scid=f2ae0541-1279-4f24-b197-a979c79310b0",ChIJT4UGXbFqkFQRFPtYh4fxIVk,"Upscale high-rise lodging featuring modern rooms, plus a trendy restaurant, a gym & a lively lounge.",
NEW,"Inn at the WAC","1325 6th Ave, Seattle, WA 98101, USA",4.4,281,"Hotel Spa","pool; coed","Downtown","http://www.wac.net/",ChIJWYtiabRqkFQRLneAT1qAJNg,"The hotel itself is absolutely beautiful â€” elegant, welcoming, and impeccably maintained.",
NEW,"Hotel Ballard","5216 Ballard Ave NW, Seattle, WA 98107, USA",4.5,380,"Hotel Spa","","Ballard","http://www.hotelballardseattle.com/",ChIJc8v5UsYVkFQRmARnp0afFmI,"Elegant hotel with chic rooms & suites, plus free WiFi & access to a health club with 2 pools.",
NEW,"Seattle Athletic Club Northgate","333 NE 97th St, Seattle, WA 98115, USA",4.5,126,"Gym Sauna","pool","University District","https://www.sacng.com/",ChIJVxzAVv8TkFQRnIfhC4JEr44,"Established facility providing exercise equipment, sports courts, a swimming pool & group classes.",
NEW,"Float Seattle (Greenwood)","111 NW 85th St, Seattle, WA 98117, USA",4.9,371,"Float Spa","cold_plunge; private","","http://www.floatseattle.com/",ChIJS0ZjBOAVkFQRUf3nTw1pbg4,"You get your own private room with a cold plunge and sauna, and itâ€™s always clean and well maintained.",
NEW,"Float Seattle (Greenlake)","408 NE 70th St, Seattle, WA 98115, USA",4.9,287,"Float Spa","","University District","http://www.floatseattle.com/",ChIJt4K3VGwUkFQR0J5H9YdkWBM,"Float Spa offering sauna and wellness experiences.",
NEW,"Float Seattle (Bellevue)","11101 NE 12th St, Bellevue, WA 98004, USA",4.8,339,"Float Spa","","","http://www.floatseattle.com/",ChIJd--hlIxskFQR6d_GWx3vRJ8,"But it was still peaceful and relaxing.",
NEW,"Anytime Fitness","1700 E Madison St, Seattle, WA 98122, USA",3.8,178,"Gym Sauna","","SoDo","https://www.anytimefitness.com/locations/seattle-washington-2816/?utm_source=google&utm_medium=organic-businesslisting&utm_campaign=gbp-listing&utm_content=2816",ChIJ261nztNqkFQRG4CMi79sqKE,"Not a lot of space between all the gear though and felt a bit cramped.",
NEW,"Golden Gardens Bathhouse","8498 Seaview Pl NW, Seattle, WA 98117, USA",4.6,30,"Modern Bathhouse","","","https://www.seattle.gov/parks/reserve/event-space-rentals/golden-gardens-bathhouse",ChIJLYQD1bsXkFQRe-zhTUI8eQg,"Modern Bathhouse offering sauna and wellness experiences.",
NEW,"Pritchard Beach Bath House","8400 55th Ave S, Seattle, WA 98118, USA",4.5,199,"Modern Bathhouse","","Columbia City","http://www.seattle.gov/parks/reserve/event-space-rentals/pritchard-beach-bathhouse",ChIJKQf1cQpCkFQRY_Wv-y4SPhk,"Bathrooms are typical, showers do work, and there are routine patrols by SPD.",
NEW,"LA Fitness","1416 NW Ballard Way, Seattle, WA 98107, USA",3.8,1145,"Gym Sauna","","Ballard","https://www.lafitness.com/Pages/clubhome.aspx?clubid=455&utm_source=google&utm_medium=googlemaps&utm_campaign=maps",ChIJpfJWZLcVkFQRx8ki-5sWTTQ,"The gym is spacious with tons of different machines and equipment.",
NEW,"Anytime Fitness","837 N 34th St, Seattle, WA 98103, USA",4.5,162,"Gym Sauna","","Fremont","https://www.anytimefitness.com/locations/seattle-washington-106/?utm_source=google&utm_medium=organic-businesslisting&utm_campaign=gbp-listing&utm_content=106",ChIJW6MqrwAVkFQRbN4OzFWwlXc,"Gym Sauna offering sauna and wellness experiences.",
NEW,"Bouldering Project - Fremont","3535 Interlake Ave N, Seattle, WA 98103, USA",4.5,307,"Gym Sauna","","Fremont","https://boulderingproject.com/location/fremont-upper-walls/",ChIJw1uKyMMVkFQRnRlmCHrfBj0,"You have to wait to use any space in the gym or a wall from 4pm on every day.",
NEW,"LA Fitness","6416 Roosevelt Way NE, Seattle, WA 98115, USA",3.9,794,"Gym Sauna","pool","University District","https://www.lafitness.com/Pages/clubhome.aspx?clubid=1334&utm_source=google&utm_medium=googlemaps&utm_campaign=maps",ChIJ51_kt28UkFQRKINNPPaSJqg,"Gym Sauna offering sauna and wellness experiences.",
NEW,"Magnuson Athletic Club","7751 63rd Ave NE, Seattle, WA 98115, USA",4.6,110,"Gym Sauna","steam_room; pool","University District","http://www.macseattle.com/",ChIJ72qaeaQTkFQREu3x5dO6u7w,"Only downsides are no pool/hot tub and it can get pretty crowded during rush hour.",
NEW,"Anytime Fitness","110 W Galer St, Seattle, WA 98119, USA",4.6,173,"Gym Sauna","","South Lake Union","https://www.anytimefitness.com/locations/seattle-washington-3783/?utm_source=google&utm_medium=organic-businesslisting&utm_campaign=gbp-listing&utm_content=3783",ChIJn97SZGsVkFQRQgugwFfXeF8,"The gym is impeccable- bathrooms are clean and smell great.",
NEW,"Alki Beach Park Bathhouse Lawn Outdoor Event Space","2701 Alki Ave SW, Seattle, WA 98116, USA",4.5,216,"Modern Bathhouse","","","https://www.seattle.gov/parks/rentals-and-permits/indoor-event-rentals/alki-beach-bathhouse",ChIJt19IDIZAkFQRrmLn7DjpLzI,"Spacious beach featuring a path for biking & running, volleyball courts & a picnic area.",
NEW,"Bouldering Project - Poplar","900 Poplar Pl S, Seattle, WA 98144, USA",4.5,726,"Gym Sauna","","Beacon Hill","https://boulderingproject.com/location/poplar/",ChIJV61LeJRqkFQRaaGeX7nIlss,"Big, modern rock-climbing gym with frequently redesigned routes, plus a fitness center & cafe.",
NEW,"LA Fitness","3900 SW Alaska St, Seattle, WA 98116, USA",3.6,969,"Gym Sauna","pool","","https://www.lafitness.com/Pages/clubhome.aspx?clubid=933&utm_source=google&utm_medium=googlemaps&utm_campaign=maps",ChIJj2hgw_hAkFQR6yJd7wv5YwA,"This is a good gym for a budget with swimming pool, sauna, and hot tub.",
NEW,"Anytime Fitness","2222 California Ave SW, Seattle, WA 98116, USA",4.2,130,"Gym Sauna","","","https://www.anytimefitness.com/locations/seattle-washington-1993/?utm_source=google&utm_medium=organic-businesslisting&utm_campaign=gbp-listing&utm_content=1993",ChIJ0RRtPl9AkFQR9o8oNO1O65c,"Very impressed with how spacious and impeccably clean this gym is, making for a comfortable workout environment.",
NEW,"Level Seattle - South Lake Union","110 Boren Ave N, Seattle, WA 98109, USA",4.2,642,"Hotel Spa","pool","Queen Anne","https://www.stayinglevel.com/destinations/seattle/south-lake-union/",ChIJJ3tgPKEVkFQRv9li74cCqPs,"Luxurious apartment hotel offering polished units with balconies, plus an indoor & an outdoor pool.",
NEW,"LA Fitness","13244 Aurora Ave N, Seattle, WA 98133, USA",3.6,769,"Gym Sauna","pool","","https://www.lafitness.com/Pages/clubhome.aspx?clubid=326&utm_source=google&utm_medium=googlemaps&utm_campaign=maps",ChIJs2Xd2TARkFQRNN7SH1-1lCU,"What's not great is the hot tub is always down, and or the sauna has been out of commission for months.",
NEW,"Anytime Fitness","809 NE Northgate Way, Seattle, WA 98125, USA",4.7,40,"Gym Sauna","","Northgate","https://www.anytimefitness.com/locations/seattle-washington-5519",ChIJV0h0mGoRkFQR45ef3d1E0xU,"Itâ€™s clean, everythingâ€™s brand new, and thereâ€™s a solid range of equipment â€” weights, cardio, open space â€” without it feeling packed in.",
NEW,"Sauna n Soak","50 Railroad Ave, Edmonds, WA 98020, USA",4.8,24,"Boutique Sauna","dry_sauna; cold_plunge","","https://www.saunansoak.com/",ChIJzzM5vYwbkFQRu7nN4jr3ZGk,"This is hands down one of the best sauna experiences in the Pacific Northwest.",
NEW,"Elliott Bay Sauna & Hot Tub Co","32510 Pacific Hwy S, Federal Way, WA 98003, USA",4.6,1400,"Boutique Sauna","steam_room; pool; private","Federal Way","http://www.elliottbayhottubco.com/rates.html",ChIJpWpzPJxXkFQRh3S3VT9KvdA,"Always a great place to relax!",
NEW,"LA Fitness","350 Baker Blvd, Tukwila, WA 98188, USA",3.6,785,"Gym Sauna","","","https://www.lafitness.com/Pages/clubhome.aspx?clubid=533&utm_source=google&utm_medium=googlemaps&utm_campaign=maps",ChIJS4GW1NVckFQR8m1GBSlHazo,"The sauna room is always out of order.",
NEW,"Lustre Infrared Sauna Studio","27203 216th Ave SE #11, Maple Valley, WA 98038, USA",5,25,"Infrared Sauna","","","https://www.lustreinfraredsauna.com/",ChIJfZOWtXFfkFQRwGk8MM6yLMU,"The owners are incredibly friendly, knowledgeable, and genuinely passionate about wellness.",
NEW,"LA Fitness","715 N Landing Way, Renton, WA 98057, USA",3.6,755,"Gym Sauna","","Renton","https://www.lafitness.com/Pages/clubhome.aspx?clubid=411&utm_source=google&utm_medium=googlemaps&utm_campaign=maps",ChIJvwQ-9BlokFQRnmJF9h6pbZI,"-Bathrooms had an unpleasant smell.",
NEW,"LA Fitness","14060 SE Petrovitsky Rd, Renton, WA 98058, USA",3.7,554,"Gym Sauna","","Renton","https://www.lafitness.com/Pages/clubhome.aspx?clubid=635&utm_source=google&utm_medium=googlemaps&utm_campaign=maps",ChIJS1O0LHxnkFQRyKGbkp1YXww,"Ever since new staff has came this place has became another gym where there is limited space.",
NEW,"Anytime Fitness","64 Rainier Ave S Suite D, Renton, WA 98057, USA",4,155,"Gym Sauna","","Renton","https://www.anytimefitness.com/locations/renton-washington-4171/?utm_source=google&utm_medium=organic-businesslisting&utm_campaign=gbp-listing&utm_content=4171",ChIJV7XPJK9CkFQRWTbmqGgjbgk,"No apologies leaving me out in the cold because he decided to double book himself, at least let me get a work out started while you do your thing.",
NEW,"LA Fitness","12922 SE Kent-Kangley Rd, Kent, WA 98030, USA",3.4,277,"Gym Sauna","steam_room; pool","Kent","https://www.lafitness.com/Pages/clubhome.aspx?clubid=1369&utm_source=google&utm_medium=googlemaps&utm_campaign=maps",ChIJcV7bmchfkFQRJ2C-3Oxtfxs,"Cleanliness: The bathrooms and locker/changing areas are frequently dirty.",
NEW,"LA Fitness","27245 172nd Ave SE, Covington, WA 98042, USA",3.7,563,"Gym Sauna","","","https://www.lafitness.com/Pages/clubhome.aspx?clubid=388&utm_source=google&utm_medium=googlemaps&utm_campaign=maps",ChIJnzTs66FfkFQRrGJYR67emn4,"Adding a few more seats near the smoothie bar could encourage more members to relax, socialize, and build connections post-workout.",
NEW,"Anytime Fitness","13210 SE 240th St, Kent, WA 98042, USA",4.2,153,"Gym Sauna","","Kent","https://www.anytimefitness.com/locations/kent-washington-3643/?utm_source=google&utm_medium=organic-businesslisting&utm_campaign=gbp-listing&utm_content=3643",ChIJeWOEzYtekFQRwcxsyzkgMuQ,"ðŸ˜¬ The bathrooms donâ€™t have ventilations.",
FILTERED,"Tuli Lodge","1951 Alaskan Wy Pier 62, Seattle, WA 98101, USA",5,51,,,,"https://tuli-lodge.com/",ChIJF6NfJ_wVkFQRxaQRJRjHzhw,,"no sauna-specific signals"
FILTERED,"Good Day Sauna - Lincoln Park West Seattle","8011 Fauntleroy Wy SW, Seattle, WA 98136, USA",5,61,,,,"http://www.gooddaysauna.com/",ChIJ3Zc7egBBkFQRxjXf9EoWQ7w,,"excluded name: \bpark\b(?!.*(?:spa|sauna|bath|slope))"
FILTERED,"Bywater Sauna - Leschi","Lakeside Ave, Seattle, WA 98122, USA",5,6,,,,"https://www.bywatersauna.com/",ChIJjyWDKgBrkFQRR82X357NLsE,,"too few reviews (6)"
FILTERED,"Space BAR Wellness West Seattle","2705 California Ave SW, Seattle, WA 98116, USA",4.9,163,,,,"http://www.spacebarwellness.com/",ChIJazIi62xBkFQRzKbmTK84Cwo,,"no sauna-specific signals"
FILTERED,"TheZClub","1117 Pike St, Seattle, WA 98101, USA",3.5,109,,,,"https://www.thezclub.com/",ChIJ_1d56cpqkFQREOH48ESA5d4,,"excluded type: store"
FILTERED,"Sacred Rain Healing Center","1100 NW 50th St, Seattle, WA 98107, USA",4.7,154,,,,"http://sacredrainhealing.com/",ChIJb273XLYVkFQRM8PHt625-0E,,"no sauna-specific signals"
FILTERED,"City Sweats - Wallingford","4222 Stone Way N, Seattle, WA 98103, USA",4.6,109,,,,"https://citysweats.com/wallingford",ChIJ2z7JIlQUkFQRDnmr_4lu1q0,,"no sauna-specific signals"
FILTERED,"Little Red Day Spa","3200 Airport Wy S building 12, Seattle, WA 98134, USA",4.7,674,,,,"http://www.littlereddayspa.com/",ChIJPe5_tCYVkFQR5ydFzLBk3VA,,"no sauna-specific signals"
FILTERED,"Olympus Spa","3815 196th St SW #160, Lynnwood, WA 98036, USA",4.6,1461,,,,"http://www.olympusspa.com/",ChIJz0rzlGsFkFQRVUJiDE8mBZc,,"no sauna-specific signals"
FILTERED,"Olympus Spa","8615 S Tacoma Way, Tacoma, WA 98499, USA",4.7,942,,,,"https://www.olympusspa.com/tacoma/",ChIJ7dw-ZlEAkVQRfpoS8NP9UxA,,"no sauna-specific signals"
FILTERED,"Yuan Spa - Bellevue","1032 106th Ave NE #125, Bellevue, WA 98004, USA",4.3,519,,,,"http://www.yuanspa.com/",ChIJ0ckgjo5skFQRDRZ9_ha-I7E,,"no sauna-specific signals"
FILTERED,"The Ladies Room","8538 1st Ave NW, Seattle, WA 98117, USA",4.8,358,,,,"http://ladiesroom206.com/",ChIJF0B1UpMVkFQRWHDqkTvsN_0,,"no sauna-specific signals"
FILTERED,"Ananya Spa","119 Fairview Ave N, Seattle, WA 98109, USA",4.4,242,,,,"http://www.ananyaspaseattle.com/",ChIJtVxfLVAVkFQRPBGoPsozeyU,,"excluded type: store"
FILTERED,"Palace Spa","1727 S 316th St STE 201, Federal Way, WA 98003, USA",3.8,579,,,,"http://enjoypalacespa.com/",ChIJFVAFoXlXkFQRTi-wp88Evys,,"no sauna-specific signals"
FILTERED,"Olympic Spa","5301 Leary Ave NW, Seattle, WA 98107, USA",4.7,54,,,,"https://olympicspa.com/",ChIJ15gGascVkFQRolgKdRQWLsA,,"no sauna-specific signals"
FILTERED,"Kawaii Spa","4364 15th Ave S, Seattle, WA 98108, USA",,,,,,"",ChIJT-vD1qZBkFQRrndrTy-DoCY,,"too few reviews (0)"
FILTERED,"Head To Toe Day Spa","2328 California Ave SW, Seattle, WA 98116, USA",4.7,129,,,,"https://head2toedayspa.com/?y_source=1_MjcxMDYzMzgtNzE1LWxvY2F0aW9uLndlYnNpdGU%3D",ChIJvTiqjmVAkFQRMLio9Z9kMxA,,"no sauna-specific signals"
FILTERED,"Yuan Spa - Totem Lake","11900 NE Village Plaza #176, Kirkland, WA 98034, USA",4.1,275,,,,"http://yuanspa.com/",ChIJnTUE5VgNkFQRBOXj-v_K_2w,,"no sauna-specific signals"
FILTERED,"SEOUL GLOW SPA - Korean Head Spa, Skincare & Nails","5401 Leary Ave NW, Seattle, WA 98107, USA",4.9,853,,,,"https://www.seoulglowspa.com/",ChIJ5xQX47QVkFQRFbnyiIHhVq0,,"excluded name: head\s*spa"
FILTERED,"Calmed Soul Holistic Spa","3250 Airport Wy S, Seattle, WA 98134, USA",5,24,,,,"http://www.vagaro.com/calmedsoul",ChIJfZtxC3dBkFQRZYtuH_0-bLE,,"no sauna-specific signals"
FILTERED,"Sauna Moon Seattle","2701 Alki Ave SW, Seattle, WA 98116, USA",5,1,,,,"https://www.saunamoon.com/",ChIJicl7zTxBkFQRksoQpvk_q34,,"too few reviews (1)"
FILTERED,"Washington Athletic Club","1325 6th Ave, Seattle, WA 98101, USA",4.5,264,,,,"https://www.wac.net/",ChIJWYtiabRqkFQRmLQhcVZ7-40,,"excluded type: restaurant"
FILTERED,"Elaia Spa","1635 8th Ave, Seattle, WA 98101, USA",4.4,134,,,,"https://www.hyatt.com/en-US/spas/Elaia-Spa/home?utm_source=google&utm_medium=lastmile&utm_campaign=seahs-s-elai",ChIJ4bhONLVqkFQRKdSGtq6Eqjw,,"no sauna-specific signals"
FILTERED,"Penelope & The Beauty Bar","411 University St, Seattle, WA 98101, USA",4.4,463,,,,"http://www.penelopeandthebeautybar.com/",ChIJk63I_rNqkFQRrBjSa7430N4,,"no sauna-specific signals"
FILTERED,"Celsius","229 Queen Anne Ave N St 101, Seattle, WA 98109, USA",4.7,133,,,,"http://celsiusmedspa.com/seattle",ChIJG-gCJSMVkFQRKFda951UJYw,,"no sauna-specific signals"
FILTERED,"City Sweats - West Seattle","4755 Fauntleroy Wy SW Suite 170, Seattle, WA 98116, USA",4.6,34,,,,"https://citysweats.com/west-seattle",ChIJA4MnxyZBkFQRv2HHy24QErA,,"no sauna-specific signals"
FILTERED,"Urban Yoga Spa","1900 4th Ave, Seattle, WA 98101, USA",4.4,125,,,,"https://www.urbanyogaspa.com/",ChIJM2pnV0sVkFQRleAfNWbA9xs,,"gym without confirmed saunas"
FILTERED,"Seattle Custom Saunas","340 15th Ave E #212, Seattle, WA 98112, USA",5,8,,,,"https://seattlecustomsaunas.com/",ChIJQ_vCm0UVkFQRu3ULUo0AxxU,,"excluded type: store"
FILTERED,"815 Refresh","815 NE 72nd St, Seattle, WA 98115, USA",5,20,,,,"https://815refresh.com/",ChIJa-tD1DAVkFQRZWxDth9k-kg,,"no sauna-specific signals"
FILTERED,"Castle Climbing Club","6327 W Marginal Wy SW, Seattle, WA 98106, USA",4.8,22,,,,"https://www.castleclimbingclub.com/",ChIJ7VBNCopBkFQRaJb2N1yzN-M,,"gym without confirmed saunas"
FILTERED,"Redwood Outdoors Seattle Showroom","3801 Stone Way N E, Seattle, WA 98103, USA",4.6,10,,,,"https://www.redwoodoutdoors.com/",ChIJoW0UOwcVkFQRLcHpnvY2ybM,,"excluded type: store"
FILTERED,"Spa Noir","2120 2nd Ave, Seattle, WA 98121, USA",4.7,203,,,,"http://spanoir.net/",ChIJpwZYNUwVkFQRg1iBDOolVXw,,"no sauna-specific signals"
FILTERED,"Ampersand Fitness","504 9th Ave, Seattle, WA 98104, USA",4.7,228,,,,"https://www.ampersandfitnessgym.com/",ChIJp8YSiLdqkFQRtB7UnMk4myA,,"gym without confirmed saunas"
FILTERED,"Henry's Gymnasium","1617 Boylston Ave, Seattle, WA 98122, USA",4.6,237,,,,"https://www.henrysgymnasium.com/",ChIJWTpToiprkFQRfnTSzuPLr8M,,"gym without confirmed saunas"
FILTERED,"Flow Fitness","311 Terry Ave N, Seattle, WA 98109, USA",4.3,214,,,,"http://flowfitnessseattle.com/",ChIJvSSesTcVkFQR4rkK4IpYwqs,,"gym without confirmed saunas"
FILTERED,"Henry's Gymnasium","14 Mercer St, Seattle, WA 98109, USA",4.7,533,,,,"https://www.henrysgymnasium.com/?utm_source=google&utm_medium=local",ChIJbx65CCAVkFQR73hy-pQDbU4,,"gym without confirmed saunas"
FILTERED,"PRO Club Seattle","501 Eastlake Ave E, Seattle, WA 98109, USA",4,143,,,,"https://www.proclub.com/club/locations/seattle",ChIJS2AcVjAVkFQR_bQy1C079Ec,,"gym without confirmed saunas"
FILTERED,"ZUM Fitness","1809 7th Ave suite 200, Seattle, WA 98101, USA",4.6,89,,,,"http://zumfitness.com/",ChIJIX9Q2UoVkFQRRR5xdyq5Efw,,"gym without confirmed saunas"
FILTERED,"Downtown Seattle YMCA","909 4th Ave, Seattle, WA 98104, USA",4.3,338,,,,"https://www.seattleymca.org/locations/downtown-seattle-ymca?y_source=1_MTAzMDUwMTk3OS03MTUtbG9jYXRpb24ud2Vic2l0ZQ%3D%3D",ChIJ56kw4LBqkFQR-l2qvWK95iU,,"gym without confirmed saunas"
FILTERED,"The Seattle Gym","1530 Queen Anne Ave N, Seattle, WA 98109, USA",4.2,163,,,,"http://www.theseattlegym.com/",ChIJCxHMVmsVkFQRePld_w3S218,,"gym without confirmed saunas"
FILTERED,"Cap Hill Fitness","1618 Bellevue Ave, Seattle, WA 98122, USA",5,265,,,,"http://www.caphillfitness.com/",ChIJ-VuwpaUVkFQRfp6NSOLCKnE,,"gym without confirmed saunas"
FILTERED,"Northwest Strong","116 Vine St, Seattle, WA 98121, USA",4.9,135,,,,"https://nwstrong.com/",ChIJLVTRorIVkFQRcSQ0XZc8SOg,,"gym without confirmed saunas"
FILTERED,"Rain City Fit","1516 11th Ave, Seattle, WA 98122, USA",4.8,356,,,,"http://www.raincityfit.com/",ChIJ8U_0s81qkFQRc_OxY7mSTmI,,"gym without confirmed saunas"
FILTERED,"The Studio (Studio 3 Fitness)","229 Queen Anne Ave N, Seattle, WA 98109, USA",4.7,210,,,,"https://www.studio3fit.com/",ChIJZWEawkQVkFQR6zfEe6wPqlo,,"gym without confirmed saunas"
FILTERED,"West Seattle Health Club","2629 SW Andover St, Seattle, WA 98126, USA",4.3,433,,,,"http://westseattlehc.com/",ChIJizEFLE7YB0ERyMXxBV1qaPQ,,"gym without confirmed saunas"
FILTERED,"Fairmont Olympic Hotel, Seattle","411 University St, Seattle, WA 98101, USA",4.6,4481,,,,"https://www.fairmont.com/seattle/?goto=fiche_hotel&code_hotel=A580&merchantid=seo-maps-US-A580&sourceid=aw-cen&utm_medium=seo%20maps&utm_source=google%20Maps&utm_campaign=seo%20maps",ChIJf3uV-rNqkFQRmkmlotz3KN0,,"excluded type: bar"
FILTERED,"The Lodge at St. Edward Park","14477 Juanita Dr NE, Kenmore, WA 98028, USA",4.6,503,,,,"https://www.thelodgeatstedward.com/",ChIJFQeb1C4RkFQRd3knhyY2DDU,,"excluded type: restaurant"
FILTERED,"Ballard Health Club","Lower Level, 2208 NW Market St, Seattle, WA 98107, USA",4.7,293,,,,"http://www.ballardhealthclub.com/",ChIJY-Vf3MUVkFQRYOnuWWGF3G4,,"gym without confirmed saunas"
FILTERED,"Fremont Health Club","920 N 34th St #200, Seattle, WA 98103, USA",4.8,102,,,,"http://www.fremonthc.com/",ChIJT7nvrgAVkFQRg_VGaaVnznA,,"gym without confirmed saunas"
FILTERED,"City Sweats - Bellevue","825 Bellevue Way NE, Bellevue, WA 98004, USA",4.9,51,,,,"https://citysweats.com/bellevue",ChIJR0_iMDBtkFQRO6dT0m_I3Ac,,"no sauna-specific signals"
FILTERED,"Glow Natural Health Center","2719 E Madison St #203, Seattle, WA 98112, USA",4.7,117,,,,"https://glownaturalhealth.com/",ChIJTSKYZStrkFQRAtNRsUIMgGY,,"no sauna-specific signals"
FILTERED,"Sublime Spa Seattle","2727 Fairview Ave E b, Seattle, WA 98102, USA",5,9,,,,"http://sublimespaseattle.com/",ChIJgyaSdvMVkFQRXH6rcxZ-0s8,,"too few reviews (9)"
FILTERED,"Pacific Northwest Fitness","401 Broadway E, Seattle, WA 98102, USA",3.2,154,,,,"http://www.pnwfitnessclubs.com/",ChIJkbR4di4VkFQRFXC1WtQIO_0,,"excluded type: store"
FILTERED,"Fit321Go by Tommy Jones","819 E Thomas St, Seattle, WA 98102, USA",4.8,106,,,,"http://fit321go.com/",ChIJ95jQYCUVkFQRgTJuK7ULZx4,,"gym without confirmed saunas"
FILTERED,"Cap Hill Fitness","510 E Pine St, Seattle, WA 98122, USA",5,94,,,,"https://www.caphillfitness.com/",ChIJvfE6w5NrkFQROLmac7zDrZA,,"gym without confirmed saunas"
FILTERED,"Mitchell Activity Center","1718 Broadway, Seattle, WA 98122, USA",4,47,,,,"https://mac.seattlecentral.edu/",ChIJh7oVJs1qkFQRxI_QkOOPnSE,,"gym without confirmed saunas"
FILTERED,"TRIBE Fitness","606 Broadway E, Seattle, WA 98102, USA",4.9,240,,,,"http://tribeseattle.com/",ChIJfSHf9C4VkFQRe9eqqvs_IUU,,"gym without confirmed saunas"
FILTERED,"RCF Barbell Club","1318 E Pine St B, Seattle, WA 98122, USA",4.8,56,,,,"https://www.rcfbarbellclub.com/",ChIJZ1jNhpNrkFQRSh7Swq_tHBQ,,"gym without confirmed saunas"
FILTERED,"Mind Body Sanctuary","4204 NW Leary Wy, Seattle, WA 98107, USA",5,5,,,,"http://www.mindbodysanctuary.com/",ChIJUzJVMq4VkFQRjssy7LifVQY,,"too few reviews (5)"
FILTERED,"Healing Spa","3931 Bridge Wy N #102, Seattle, WA 98103, USA",4.8,227,,,,"https://healingspa.onbuildhealth.com/",ChIJn7TiSrEVkFQRvkdKARsUXl8,,"no sauna-specific signals"
FILTERED,"Habitude Salon & Spa","2801 NW Market St, Seattle, WA 98107, USA",4.7,1091,,,,"https://www.habitude.com/",ChIJNbjEB8MVkFQRGDqOpRDv_U8,,"no sauna-specific signals"
FILTERED,"Oasis Spa","7551B 15th Ave NW, Seattle, WA 98117, USA",5,4,,,,"http://oasisspawa.wixsite.com/98117",ChIJ0SJITEgVkFQRAfWWf4ajyOs,,"too few reviews (4)"
FILTERED,"Flow Fitness","710 N 34th St, Seattle, WA 98103, USA",4.7,137,,,,"http://www.flowfitnessseattle.com/",ChIJ06FH1gYVkFQRbkgAcNhG95Y,,"gym without confirmed saunas"
FILTERED,"FUELhouse Gym","4027 NW Leary Wy, Seattle, WA 98107, USA",5,133,,,,"https://www.fuelhousegym.com/",ChIJgQB8iQEVkFQR1t4Vq5r72UQ,,"gym without confirmed saunas"
FILTERED,"Planet Fitness","1500 NW Market St Ste 100, Seattle, WA 98107, USA",3.5,105,,,,"https://www.planetfitness.com/gyms/?utm_medium=yext&utm_source=extnet",ChIJ1WjAVG8VkFQRvjYMyhkt0Pk,,"gym without confirmed saunas"
FILTERED,"Ekstasis Strength and Conditioning","2622 NW Market St suite b, Seattle, WA 98107, USA",5,70,,,,"https://ekstasisstrengthandconditioning.com/",ChIJjbhdjdUVkFQRbdWjK0Sny7k,,"gym without confirmed saunas"
FILTERED,"Corsair Athletics","1400 NW 49th St, Seattle, WA 98107, USA",5,72,,,,"https://traincorsair.com/",ChIJKcJolSkVkFQRfzWVuWYTT74,,"gym without confirmed saunas"
FILTERED,"barre3","5711 24th Ave NW, Seattle, WA 98107, USA",5,141,,,,"http://barre3.com/studio-locations/ballard",ChIJO4FYCMUVkFQRXK7bgBOnQC8,,"gym without confirmed saunas"
FILTERED,"TruFusion Ballard","1401 NW 46th St Suite 200, Seattle, WA 98107, USA",4.8,150,,,,"https://trufusion.com/ballard/",ChIJa-U20BAVkFQRif4jmUR7MjA,,"gym without confirmed saunas"
FILTERED,"Friends of the Gym","1715 NW Market St, Seattle, WA 98107, USA",4.9,61,,,,"http://www.frogym.com/",ChIJJ6dwpLcVkFQRghkbnaQLgLs,,"gym without confirmed saunas"
FILTERED,"Emerald City Athletics - Wallingford","3924 Stone Way N, Seattle, WA 98103, USA",4.5,1226,,,,"https://emeraldcitygyms.com/wallingford",ChIJeXjXiv8UkFQRi45uqSqaf_E,,"gym without confirmed saunas"
FILTERED,"Ballard CrossFit","6419 15th Ave NW, Seattle, WA 98107, USA",4.8,73,,,,"http://www.ballardcrossfit.com/",ChIJuXM2ns0VkFQRCxkzVBzC9lU,,"gym without confirmed saunas"
FILTERED,"Healing Wellness & Spa Center","3601 Fremont Ave N #209, Seattle, WA 98103, USA",5,25,,,,"https://www.vagaro.com/healingwellnessandspacenter",ChIJAaT-mGYVkFQR-l21ICZRCBM,,"no sauna-specific signals"
FILTERED,"Resonate Sound Spa","600 N 36th St #204, Seattle, WA 98103, USA",5,11,,,,"https://www.resonatesoundspa.com/",ChIJv4bUbawVkFQReqVrmN3ikDw,,"no sauna-specific signals"
FILTERED,"Orchid Spa","4601 Aurora Ave N, Seattle, WA 98103, USA",5,5,,,,"http://www.orchidspa888.com/",ChIJaaj3cwoVkFQRNVZlWQZ5erk,,"too few reviews (5)"
FILTERED,"Blue Ocean Spa","4507 Sunnyside Ave N, Seattle, WA 98103, USA",3.9,7,,,,"https://sssspa.wixsite.com/blueoceanspa",ChIJWfVovbkVkFQRBooeUOTqlA8,,"too few reviews (7)"
FILTERED,"The NOW Massage Seattle Fremont","900 N 34th St suite b, Seattle, WA 98103, USA",4.5,118,,,,"https://thenowmassage.com/seattle-fremont",ChIJFWlhrIcVkFQRcvhAibA_eYU,,"no sauna-specific signals"
FILTERED,"Embody Strength and Wellness","4100 Aurora Ave N, Seattle, WA 98103, USA",4.8,65,,,,"http://www.embodystrengthandwellness.com/",ChIJT57ixVQUkFQRug7QfteVfWE,,"gym without confirmed saunas"
FILTERED,"Experience Momentum","1100 N 35th St, Seattle, WA 98103, USA",5,282,,,,"https://www.experiencemomentum.com/",ChIJKflFIxsVkFQRLWUNPOEb2gE,,"gym without confirmed saunas"
FILTERED,"Transform 180 Fitness - Belltown Gym","140 4th Ave N Suite 150, Seattle, WA 98109, USA",4.9,294,,,,"http://www.transform180training.com/",ChIJ5fMLBzgVkFQRMd94iqo_cbI,,"gym without confirmed saunas"
FILTERED,"Pure Skin Spa","1324 N 45th St suite c, Seattle, WA 98103, USA",4.9,54,,,,"https://www.pureskinspa.com/",ChIJR8W9PFEUkFQRUD1_zP82uGk,,"excluded type: store"
FILTERED,"Vita Nova Spa","14477 Juanita Dr NE, Kenmore, WA 98028, USA",5,7,,,,"https://www.thelodgeatstedward.com/spa",ChIJBThCV3sRkFQRViIAw_3dsPs,,"too few reviews (7)"
FILTERED,"Moon spa","1423 N 45th St, Seattle, WA 98103, USA",4.5,22,,,,"",ChIJ0bFFbQAVkFQRRq1p81_cexs,,"no sauna-specific signals"
FILTERED,"Industrious U-District","4501 Roosevelt Way NE, Seattle, WA 98105, USA",5,26,,,,"https://www.mindbodyonline.com/explore/locations/industrious-university-district",ChIJk-remCUVkFQRHuMoVj31XAk,,"gym without confirmed saunas"
FILTERED,"University Family YMCA","5003 12th Ave NE, Seattle, WA 98105, USA",4.1,70,,,,"https://www.seattleymca.org/locations/university-family-ymca?y_source=1_MTAzMDUwMTk4OS03MTUtbG9jYXRpb24ud2Vic2l0ZQ%3D%3D",ChIJoaCzrWEUkFQRGiOxx_Wqgkk,,"gym without confirmed saunas"
FILTERED,"Transform 180 Fitness - Madison Park Gym","3130 E Madison St, Seattle, WA 98112, USA",4.8,74,,,,"https://www.transform180training.com/",ChIJc5qiinoVkFQRVsOWBU8uG4o,,"excluded name: \bpark\b(?!.*(?:spa|sauna|bath|slope))"
FILTERED,"University of Washington Intramural Activities Building (IMA)","3924 Montlake Blvd NE, Seattle, WA 98195, USA",4.5,631,,,,"http://recreation.uw.edu/",ChIJc9vMHrVqkFQRVlzzsNQ37RE,,"gym without confirmed saunas"
FILTERED,"InSpa - University Village","2641 NE University Village St, Seattle, WA 98105, USA",4.5,150,,,,"https://inspa.com/",ChIJVbyUAoYUkFQRMZJxPcD6ygw,,"no sauna-specific signals"
FILTERED,"Bouldering Project - U District","4502 University Wy NE, Seattle, WA 98105, USA",4.5,113,,,,"https://boulderingproject.com/location/university-district/",ChIJTx1JAAAVkFQRP1BHE5M4tYw,,"no sauna-specific signals"
FILTERED,"U.88 spa","2901 NE Blakeley St STE 3B, Seattle, WA 98105, USA",5,3,,,,"http://u88spawa.com/",ChIJrTPf8kYVkFQRPEBZHxsW5Mo,,"too few reviews (3)"
FILTERED,"Top Massage & Spa","5254A University Wy NE, Seattle, WA 98105, USA",5,1,,,,"https://topmassagespa5254.top888site.com/",ChIJQbswn1MVkFQRWqEFe2G1Uns,,"too few reviews (1)"
FILTERED,"SkinSpirit Seattle - University Village","2692 NE 49th St, Seattle, WA 98105, USA",4.7,291,,,,"https://www.skinspirit.com/locations/seattle-university-village/?utm_source=citation&utm_medium=organic&utm_campaign=seattle",ChIJQzuUAoYUkFQR95S1DMbK-G4,,"no sauna-specific signals"
FILTERED,"Jasmine spa","5218 A University Wy NE, Seattle, WA 98105, USA",4.1,9,,,,"https://sssspa.wixsite.com/jasmine--spa",ChIJZx8a-CQVkFQROqyXisyqdSs,,"too few reviews (9)"
FILTERED,"Spa Envy","5025 25th Ave NE STE 105, Seattle, WA 98105, USA",4.7,81,,,,"http://www.spaenvyseattle.com/",ChIJlTjy2ocUkFQR3UNToqYP9YU,,"no sauna-specific signals"
FILTERED,"Skin & Sage","5502 34th Ave NE, Seattle, WA 98105, USA",4.8,114,,,,"http://skinandsagespa.com/",ChIJJc1LTokVkFQRuq45cHFAwJk,,"no sauna-specific signals"
FILTERED,"Spavia Day Spa - Greenlake","7140 Woodlawn Ave NE, Seattle, WA 98115, USA",4.8,318,,,,"https://seattlewa.spaviadayspa.com/",ChIJDVlGGm0UkFQR_vOBDsj0wtQ,,"no sauna-specific signals"
FILTERED,"GreenLake Fitness","7203 Woodlawn Ave NE, Seattle, WA 98115, USA",4.4,65,,,,"http://www.greenlakefitness.com/",ChIJS3toGG0UkFQRdIZVSwDBDaw,,"gym without confirmed saunas"
FILTERED,"TruFusion University Village","2694 NE 49th St, Seattle, WA 98105, USA",4.7,108,,,,"https://trufusion.com/university-village/",ChIJGUmIeQsVkFQRjM1ciaZL9n4,,"gym without confirmed saunas"
FILTERED,"Fitness Center West","1218 NE Campus Pkwy, Seattle, WA 98105, USA",4,43,,,,"",ChIJMUQtmPMUkFQRH9LqVSFut-A,,"gym without confirmed saunas"
FILTERED,"Sama Fitness","5000 30th Ave NE UNIT 100, Seattle, WA 98105, USA",4.9,24,,,,"http://www.samafit.com/",ChIJgUImDBkVkFQRM_8J_sBFVbw,,"gym without confirmed saunas"
FILTERED,"Studio 45","5101 25th Ave NE, Seattle, WA 98105, USA",5,255,,,,"https://www.studio45.com/",ChIJj1gEj4cUkFQRelPXcDxGiNk,,"gym without confirmed saunas"
FILTERED,"Project Fortius - Strength & Conditioning Gym","3422 NE 55th St, Seattle, WA 98105, USA",5,13,,,,"http://projectfortius.com/",ChIJM8rXCJgVkFQRRbnfdLTGkdQ,,"gym without confirmed saunas"
FILTERED,"ATTN Seattle","2943 NE Blakeley St, Seattle, WA 98105, USA",4.8,18,,,,"http://www.attnseattle.com/",ChIJ7b44IAAVkFQRRFFUXgQQooE,,"gym without confirmed saunas"
FILTERED,"William F. Eisiminger Fitness Center","550 14th Ave, Seattle, WA 98112, USA",4.4,32,,,,"http://www.seattleu.edu/recreation/facilities/",ChIJWxBxdsZqkFQR7UgFNEKbcv8,,"gym without confirmed saunas"
FILTERED,"Massage Reimagined in Lower Queen Anne","311 W Republican St, Seattle, WA 98119, USA",4.9,74,,,,"http://www.massagereimagined.com/spa",ChIJP9T4f0gVkFQROIi2fGINDaY,,"no sauna-specific signals"
FILTERED,"Washington State Wellness Center","1817 Queen Anne Ave N #214, Seattle, WA 98109, USA",4.5,73,,,,"https://washingtonstatewellnesscenter.schedulista.com/?fbclid=PAAab8JMAeplyBPVEi0AqHshmGw-A-hgmJZDyTVgSIMwpvZyVGcjSLb4wIC3c_aem_AWfJk2lBeORXxlV0CcBVpWLI5O2uQmcaI3xWiVJ4iKb-fn-rUKgFY3OaIn_elQbWxT0",ChIJ271EGXIUkFQR7vcGcrrIy5A,,"excluded type: store"
FILTERED,"Classique Queen Anne Spa","1901 10th Ave W, Seattle, WA 98119, USA",5,52,,,,"http://www.classiquespa.com/",ChIJkWav7XEVkFQRxcPK-oW6A9o,,"no sauna-specific signals"
FILTERED,"[solidcore] Queen Anne","203 Roy St, Seattle, WA 98109, USA",4.7,12,,,,"https://www.solidcore.co/wa/seattle/queen-anne/?utm_source=google&utm_medium=search&utm_content=local-listing&utm_campaign=gmb-listing",ChIJ8cCn2BgVkFQRDsTiYcREg9A,,"gym without confirmed saunas"
FILTERED,"Seattle Strength & Performance - Queen Anne","601 W McGraw St, Seattle, WA 98119, USA",5,185,,,,"http://www.seattlesp.com/",ChIJN7Ni07EVkFQRTkjgYLsQcfU,,"gym without confirmed saunas"
FILTERED,"INDUSTRIOUS - SLU Gym","231 Dexter Ave N, Seattle, WA 98109, USA",4.9,129,,,,"https://southlakeunion.workhardlivefit.com/",ChIJASWQRfMVkFQR0GiUh-BgR8I,,"gym without confirmed saunas"
FILTERED,"Inspire Seattle","2215 Queen Anne Ave N, Seattle, WA 98109, USA",4.9,125,,,,"http://inspireseattle.com/",ChIJCfJSdhIVkFQRftPDixuEA1I,,"gym without confirmed saunas"
FILTERED,"Ofit","400 2nd Ave W Suite 220, Seattle, WA 98119, USA",4.5,55,,,,"",ChIJy7SYXUMVkFQR4ydoGEnGM0U,,"gym without confirmed saunas"
FILTERED,"HOTWORX- Seattle, WA - Interbay - Queen Anne","1570 W Armory Way #104, Seattle, WA 98119, USA",4.8,25,,,,"http://www.hotworx.net/studio/seattle-interbay-queen-anne",ChIJYTgOcBgVkFQRf2gq1wu9XGw,,"gym without confirmed saunas"
FILTERED,"Revitalize Spa","8142 15th Ave SW, Seattle, WA 98106, USA",5,21,,,,"https://www.revitalizeholisticspa.com/",ChIJpxgN0_dBkFQRagrDX1iPFHY,,"no sauna-specific signals"
FILTERED,"JM MASSAGE","1211 S Bailey St, Seattle, WA 98108, USA",5,1,,,,"",ChIJa1WYfp5BkFQRRZKAcPJbDIw,,"too few reviews (1)"
FILTERED,"Younx Spa","6253 13th Ave S, Seattle, WA 98108, USA",,,,,,"",ChIJqyZPE9NBkFQRIRB9XyYdW1o,,"too few reviews (0)"
FILTERED,"Athletic Form","2946 1st Ave S, Seattle, WA 98134, USA",4.8,64,,,,"https://www.athleticform.us/",ChIJsRRRCZhqkFQRNcrlgmoibao,,"gym without confirmed saunas"
FILTERED,"FITNESS 19","2600 SW Barton St suite b 7, Seattle, WA 98126, USA",4.4,184,,,,"http://fitness19wa.com/",ChIJ5z9GnGhBkFQRVO5mRtH0T_g,,"gym without confirmed saunas"
FILTERED,"Urban Playground","4351 15th Ave S, Seattle, WA 98108, USA",4.5,61,,,,"http://seattleurbanplayground.com/",ChIJt0Rb7dlBkFQR6cV0xi6g228,,"excluded name: playground"
FILTERED,"Ironstone Performance","6601 E Marginal Wy S Suite A, Seattle, WA 98108, USA",5,20,,,,"http://ironstoneperformance.com/",ChIJyY5VI-RrkFQR0IiS4cFIFWE,,"gym without confirmed saunas"
FILTERED,"South Seattle Women's Fitness","6300 Beacon Ave S, Seattle, WA 98108, USA",5,56,,,,"https://southseattlewomensfitness.com/",ChIJl4em6-xBkFQRmbRtv0yPkoc,,"gym without confirmed saunas"
FILTERED,"Boeing Fitness Center (2-22)","222 16th Ave S, Seattle, WA 98108, USA",4.5,43,,,,"",ChIJg2BkD4pBkFQRcB1O4Kco200,,"gym without confirmed saunas"
FILTERED,"777 Strength & Conditioning","1115 S Elizabeth St, Seattle, WA 98108, USA",4.9,45,,,,"https://www.777strength.com/",ChIJsSv22exBkFQRYpsoO1xndiE,,"gym without confirmed saunas"
FILTERED,"Rainier Health & Fitness","7722 Rainier Ave S, Seattle, WA 98118, USA",4.7,102,,,,"http://www.rainierhealth.com/",ChIJ7_R0QQhCkFQR_awvzc_YEDQ,,"gym without confirmed saunas"
FILTERED,"Emerald City Athletics - Columbia City","3785 S Alaska St, Seattle, WA 98118, USA",4.8,1179,,,,"https://emeraldcitygyms.com/columbia-city",ChIJV0GRUQJrkFQRbmG3Nv0krP8,,"gym without confirmed saunas"
FILTERED,"Revive Therapeutics","3250 Airport Wy S Suite 649, Seattle, WA 98134, USA",4.9,46,,,,"http://www.revivetherapeutics.com/",ChIJf4DHuxVqkFQRrSNdxxVoVj8,,"no sauna-specific signals"
FILTERED,"The Spa House by QueenCare","3702 S Hudson St Ste. 103, Seattle, WA 98118, USA",5,10,,,,"http://www.queencareproducts.com/",ChIJDcIl-F9rkFQRaZrqwy788vg,,"excluded type: store"
FILTERED,"Rainier Beach Community Center","8825 Rainier Ave S, Seattle, WA 98118, USA",4.4,287,,,,"http://www.seattle.gov/parks/find/centers/rainier-beach-community-center",ChIJgSHPKA1CkFQRkk1mVKYYIgo,,"excluded name: community\s*center"
FILTERED,"USCG Base Seattle MWR/Olympic Peak Performance Athletic Center","1519 Alaskan Way S, Seattle, WA 98134, USA",5,3,,,,"https://www.dcms.uscg.mil/Our-Organization/Operational-Logistics-Command-LOGCOM/Bases/Base-Seattle/MWR/",ChIJl0LWU9hBkFQRMFn2_Kh0nYM,,"too few reviews (3)"
FILTERED,"RCF Barbell Club Sodo","2227 4th Ave S, Seattle, WA 98134, USA",5,7,,,,"http://rcfbarbellclub.com/",ChIJ-2E3aCFrkFQRxakrGZf9s8w,,"too few reviews (7)"
FILTERED,"Jefferson Community Center","3801 Beacon Ave S, Seattle, WA 98108, USA",4.6,187,,,,"http://www.seattle.gov/parks/find/centers/jefferson-community-center",ChIJWR7wZXhqkFQR2chT-PFZQ4A,,"excluded name: community\s*center"
FILTERED,"Columbia City Healing Space","4741 Rainier Ave S, Seattle, WA 98118, USA",5,1,,,,"https://columbiacityhealingspace.com/",ChIJUdBLFFBrkFQR0KZU7vwJrQ0,,"too few reviews (1)"
FILTERED,"Columbia City Fitness Center","4525 Rainier Ave S Suite 101N, Seattle, WA 98118, USA",4.2,49,,,,"https://www.columbiacityfitness.com/",ChIJOwU-MgxqkFQR5jXjgzirQtY,,"gym without confirmed saunas"
FILTERED,"Rocket Community Fitness","5720 Rainier Ave S, Seattle, WA 98118, USA",4.5,112,,,,"http://rocketcommunityfitness.com/",ChIJkTCDPwRqkFQRL6PJW2yGV9k,,"gym without confirmed saunas"
FILTERED,"F3 Columbia City: Free Menâ€™s Workout","4316 S Genesee St, Seattle, WA 98118, USA",5,6,,,,"http://www.f3pugetsound.com/",ChIJWfQZKwBrkFQRWg76YrgN9t0,,"excluded type: park"
FILTERED,"Pure Barre","4689 Martin Luther King Jr Way S Suite 5, Seattle, WA 98108, USA",4.8,18,,,,"https://www.purebarre.com/location/columbia-station-wa",ChIJHcxwUK9rkFQRSX-1P9H-Viw,,"gym without confirmed saunas"
FILTERED,"Strong Life Training","1407 SW 100th St, Seattle, WA 98146, USA",5,72,,,,"https://www.stronglifetrainingfacility.com/",ChIJEdhylcFDkFQR_AMWRVWF9QE,,"gym without confirmed saunas"
FILTERED,"Workout Powered by Exos","701 5th Ave, Seattle, WA 98104, USA",3.2,10,,,,"",ChIJq04krL1rkFQRnUmfXq-HvRo,,"gym without confirmed saunas"
FILTERED,"Alki Beach Bathhouse Public Restrooms","2701 Alki Ave SW, Seattle, WA 98116, USA",5,3,,,,"",ChIJPUUuMSBBkFQRfccd_44fXAc,,"too few reviews (3)"
FILTERED,"Elliott Bay Spa","5400 California Ave SW # F, Seattle, WA 98136, USA",4.8,44,,,,"https://www.elliottbayspa.com/",ChIJcQvhT_1AkFQReCiuwdAsjq0,,"no sauna-specific signals"
FILTERED,"West Seattle Wellness","4744 41st Ave SW #106, Seattle, WA 98116, USA",4.5,43,,,,"http://www.westseattlewellness.com/",ChIJQUZ5m_lAkFQRW_omH3SSVNA,,"no sauna-specific signals"
FILTERED,"Jasmine Spa","6014 California Ave SW C, Seattle, WA 98136, USA",4.7,6,,,,"",ChIJg454QVJBkFQR0P6uGms2u5A,,"too few reviews (6)"
FILTERED,"Sunshine Wellness","3280 California Ave SW #A, Seattle, WA 98116, USA",4.1,91,,,,"http://sunshinemassageseattle.com/",ChIJuwmj8zNBkFQRog1iPs8l-QY,,"no sauna-specific signals"
FILTERED,"West Seattle & Fauntleroy YMCA","3622 SW Snoqualmie St, Seattle, WA 98126, USA",4,139,,,,"https://www.seattleymca.org/locations/west-seattle-fauntleroy-ymca?y_source=1_MTAzMDUwMTk5MC03MTUtbG9jYXRpb24ud2Vic2l0ZQ%3D%3D",ChIJX8i0FVZAkFQRapfbg_7HK-o,,"gym without confirmed saunas"
FILTERED,"Westside Fitness","4617 36th Ave SW, Seattle, WA 98126, USA",4.8,39,,,,"https://westsidefitnesswestseattle.com/",ChIJ9_KdpzdBkFQRau2V155V0L4,,"gym without confirmed saunas"
FILTERED,"INDUSTRIOUS - West Seattle","4538 California Ave SW, Seattle, WA 98116, USA",5,38,,,,"https://westseattle.workhardlivefit.com/",ChIJP2gcVy1BkFQRd3wqL03cJE8,,"gym without confirmed saunas"
FILTERED,"Seattle Strength & Performance - West Seattle","2942 SW Avalon Way, Seattle, WA 98126, USA",5,94,,,,"https://seattlesp.com/",ChIJ5emJbbNBkFQRfUepAAZeGCs,,"gym without confirmed saunas"
FILTERED,"barre3","3218 California Ave SW, Seattle, WA 98116, USA",4.9,169,,,,"https://online.barre3.com/studio-locations/westseattle",ChIJeR6dq2BAkFQRA0iwIUck8gk,,"gym without confirmed saunas"
FILTERED,"HIIT Lab","6323 35th Ave SW, Seattle, WA 98126, USA",4.9,152,,,,"https://www.hiitlab.com/",ChIJ-28BzhtBkFQR0vbjHD8sxB0,,"no sauna-specific signals"
FILTERED,"Loft Fitness","4140 California Ave SW, Seattle, WA 98116, USA",4.9,135,,,,"http://www.loft-fitness.com/",ChIJ-WE6lPdAkFQREnuOapPN620,,"gym without confirmed saunas"
FILTERED,"Fauntleroy YMCA","9140 California Ave SW, Seattle, WA 98136, USA",4.3,55,,,,"https://www.seattleymca.org/locations/west-seattle-fauntleroy-ymca?utm_source=google&utm_medium=organic&utm_campaign=business-listing&utm_content=west-seattle",ChIJ12GouE9BkFQRaAY7jmNboWw,,"gym without confirmed saunas"
FILTERED,"NEW 1BD Belltown Condo - Pool and Sauna - Walk to Pike Place Space Needle","Seattle, WA 98121, USA",,,,,,"https://www.bluepillow.com/search/695ea123ac408a6eb70c9870?dest=bkng&cat=House&lat=47.61485&lng=-122.34754&language=en",ChIJl3RGeU4VkFQRO69-bz4rTFM,,"too few reviews (0)"
FILTERED,"Olympic Hot Tub Seattle","2500 Westlake Ave N A, Seattle, WA 98109, USA",4.8,173,,,,"https://olympichottub.com/seattle-store/?utm_source=google-maps&utm_medium=website&utm_campaign=seattle-showroom",ChIJmaSRjD0VkFQRkEaIyGbVR-4,,"excluded type: store"
FILTERED,"MOOV SEATTLE","777 Thomas St, Seattle, WA 98109, USA",4.6,102,,,,"http://moovseattle.com/",ChIJdTejdEMVkFQRFXpbGJnuInk,,"gym without confirmed saunas"
FILTERED,"Transform 180 Fitness - SLU Gym","300 Fairview Ave N, Seattle, WA 98109, USA",4.9,345,,,,"http://www.transform180training.com/",ChIJe6dJNggVkFQRD57oC-7DWkw,,"gym without confirmed saunas"
FILTERED,"Barry's Seattle","112 Westlake Ave N, Seattle, WA 98109, USA",4.6,168,,,,"https://www.barrys.com/studio/seattle",ChIJq8epeK8VkFQRyDXkY0PwAho,,"gym without confirmed saunas"
FILTERED,"Club Pilates (South Lake Union)","413 Fairview Ave N, Seattle, WA 98109, USA",4.8,288,,,,"https://www.clubpilates.com/southlakeunion/?utm_source=google.com&utm_medium=referral&utm_campaign=yext",ChIJ38Rda9oVkFQRS1hjx-pZJok,,"gym without confirmed saunas"
FILTERED,"Pro Fit Training Gym","915 8th Ave N, Seattle, WA 98109, USA",4.7,102,,,,"http://pftraininggym.com/",ChIJG2IySjkVkFQRNhsGFZTkpDA,,"gym without confirmed saunas"
FILTERED,"KlickWay Athletics","1317 Republican St, Seattle, WA 98109, USA",4.7,102,,,,"https://klickwayathletics.com/",ChIJWVwIDBUVkFQRb2DLE6UPvPA,,"gym without confirmed saunas"
FILTERED,"Bathhouse Theater Restrooms","7312 West Green Lake Dr N, Seattle, WA 98103, USA",2.7,3,,,,"",ChIJTZsO6mAVkFQRQYmTjP7lGFE,,"too few reviews (3)"
FILTERED,"Green Lake SPA","7310 East Green Lake Dr N, Seattle, WA 98115, USA",4.5,26,,,,"https://www.manta.com/c/m1rvhmg/green-lake-spa",ChIJ0ZiIPikVkFQR09EzKpt330Q,,"no sauna-specific signals"
FILTERED,"RS Head Spa & Body Massage","506 NE 65th St, Seattle, WA 98115, USA",4.6,220,,,,"https://rsheadspaseattle.com/",ChIJazppXfUVkFQRFMHPY8uuW6k,,"excluded name: head\s*spa"
FILTERED,"Green Lake Health Center","9714 3rd Ave NE #103, Seattle, WA 98115, USA",4.4,115,,,,"https://www.greenlakehealth.com/",ChIJx2SbRFYRkFQRkve1qKc950c,,"no sauna-specific signals"
FILTERED,"SkinSpirit Seattle - Green Lake","6850 East Green Lake Way N Suite 101, Seattle, WA 98115, USA",4.8,142,,,,"https://www.skinspirit.com/locations/seattle-green-lake/",ChIJo3bE9CgVkFQRv9kdbSomUaU,,"no sauna-specific signals"
FILTERED,"Temple Natural Health","7812 Lake City Way NE, Seattle, WA 98115, USA",4.8,190,,,,"https://www.templenaturalhealth.com/seattle-natural-medicine-naturopathy/",ChIJ8Unq9XkUkFQR12KGWmFrwHk,,"excluded type: doctor"
FILTERED,"Evans Pool","7201 East Green Lake Dr N, Seattle, WA 98115, USA",4.1,133,,,,"http://www.seattle.gov/parks/find/pools/evans-pool",ChIJk4QZY2sUkFQRfY7o2dFywr4,,"no sauna-specific signals"
FILTERED,"Meadowbrook Community Center","10517 35th Ave NE, Seattle, WA 98125, USA",4.6,238,,,,"http://www.seattle.gov/parks/find/centers/meadowbrook-community-center",ChIJiwHwAt0TkFQRa9QxNEp4v80,,"excluded name: community\s*center"
FILTERED,"24 Hour Fitness","507 NE Northgate Way, Seattle, WA 98125, USA",3.3,634,,,,"https://www.24hourfitness.com/gyms/seattle-wa/northgate-fifth-ave-super-sport?Adb_id=GGL_LOC_ACQ_CDP",ChIJh1rcAlcRkFQRaxrDXowfukU,,"gym without confirmed saunas"
FILTERED,"Green Lake Strength & Conditioning","466 NE 70th St, Seattle, WA 98115, USA",4.9,323,,,,"https://greenlakestrength.com/",ChIJZ_SXpW0UkFQROacTyp7Lqp4,,"gym without confirmed saunas"
FILTERED,"Green Lake Community Center","7201 East Green Lake Dr N, Seattle, WA 98115, USA",4.3,192,,,,"http://www.seattle.gov/parks/find/centers/green-lake-community-center",ChIJk4QZY2sUkFQR3aJEU8ufnJk,,"excluded type: park"
FILTERED,"IanFitness","7400 Aurora Ave N, Seattle, WA 98103, USA",4.9,60,,,,"http://www.ianfitness.com/",ChIJwyq0jT0UkFQRZPmSsChysqQ,,"no sauna-specific signals"
FILTERED,"Community Fitness","6110 Roosevelt Way NE, Seattle, WA 98115, USA",4.8,105,,,,"http://www.communityfitness.com/",ChIJ6WTBhWUUkFQRik52RcPwvU8,,"gym without confirmed saunas"
FILTERED,"H Spa Massage","121 N 85th St, Seattle, WA 98103, USA",4.3,13,,,,"",ChIJyXcvOoEVkFQRDF7GB0A0ZPc,,"no sauna-specific signals"
FILTERED,"UU Massage Spa","7324 15th Ave NW, Seattle, WA 98117, USA",4.6,8,,,,"https://www.massajoy.com/UUMassageSpa",ChIJgWxCISkVkFQRIEDf6i223Fo,,"too few reviews (8)"
FILTERED,"Symmetry Spa Massage","14314 Greenwood Ave N Suite B, Seattle, WA 98133, USA",5,7,,,,"https://www.symmetryspamassage.net/",ChIJ7y0OOBMRkFQR2inLm9QKZHQ,,"too few reviews (7)"
FILTERED,"Crown Hill Fitness and Wellness","1414 NW 85th St, Seattle, WA 98117, USA",5,16,,,,"https://www.crownhillfw.com/",ChIJR6EYwMgXkFQRA1d7MLaFc7k,,"gym without confirmed saunas"
FILTERED,"BALLOUT ROOM","9242 8th Ave NW, Seattle, WA 98117, USA",5,8,,,,"https://docs.google.com/forms/d/e/1FAIpQLSfawFUxnOF22OyQyzbi6-sDelYnh9Gi18Vf_eFuNpRAWt1IzQ/viewform",ChIJT1iFDM8XkFQR3TRnsppSbTI,,"too few reviews (8)"
FILTERED,"NW Fitness Project","3601 Greenwood Ave N, Seattle, WA 98103, USA",4.9,130,,,,"https://www.nwfitnessproject.com/?utm_source=google&utm_medium=organic&utm_campaign=gbp_profile",ChIJ6U6tp6kVkFQRWt9fBoeK3rE,,"gym without confirmed saunas"
FILTERED,"Eastlake Barbell Club","2324 Eastlake Ave E #100, Seattle, WA 98102, USA",5,11,,,,"https://www.eastlakebarbellclub.com/",ChIJtUmrgwYVkFQRM4J39J4cDKI,,"gym without confirmed saunas"
FILTERED,"Eastlake Fitness","2228 Eastlake Ave E studio c, Seattle, WA 98102, USA",,,,,,"http://eastlakefitness.com/",ChIJFcDr4R8VkFQRPDtnolyZS-U,,"too few reviews (0)"
FILTERED,"F45 Training Eastlake","1800 Eastlake Ave E, Seattle, WA 98102, USA",4.9,92,,,,"https://f45training.com/studio/eastlake/",ChIJwRTyhXUVkFQRG1WaJ2TD8is,,"gym without confirmed saunas"
FILTERED,"Eastlake Performance","2926 Eastlake Ave E, Seattle, WA 98102, USA",4.9,35,,,,"http://www.eastlakeperformance.com/",ChIJJ7PS5-QUkFQRNG35GAqu3pQ,,"no sauna-specific signals"
FILTERED,"Massage Reimagined Magnolia","3150 W Government Way suite a-2, Seattle, WA 98199, USA",5,40,,,,"http://www.massagereimagined.com/",ChIJ_V2H7IYVkFQRdevi5xeYNq0,,"no sauna-specific signals"
FILTERED,"Surya Spa","1903 Clise Pl W, Seattle, WA 98199, USA",5,62,,,,"http://www.suryaspa.net/",ChIJDc99WdU_kFQRDS09UQMTtkw,,"no sauna-specific signals"
FILTERED,"Sugar & Skin Spa","3209 W McGraw St, Seattle, WA 98199, USA",5,76,,,,"http://sugarandskinseattle.com/",ChIJVUYO4C8VkFQRZzEd0PsfpOs,,"excluded type: doctor"
FILTERED,"Unravel Therapeutics","3320 W McGraw St #4, Seattle, WA 98199, USA",4.6,117,,,,"http://www.unravelseattle.com/",ChIJyS8mkoAVkFQRDkngP6vLmh4,,"excluded type: clothing_store"
FILTERED,"Peach Blossom Spa","2809 Thorndyke Ave W, Seattle, WA 98199, USA",3.8,10,,,,"https://peachblossomspa.godaddysites.com/",ChIJNTgFpE4VkFQRl1NUa9jMTHg,,"no sauna-specific signals"
FILTERED,"Village Fitness","3111 W McGraw St, Seattle, WA 98199, USA",5,75,,,,"http://www.villagefitnessseattle.com/",ChIJAfBoEkwVkFQR-faxkv404xk,,"gym without confirmed saunas"
FILTERED,"Vice Athletics | Seattleâ€™s Strength & Sports Performance Gym","3243 20th Ave W, Seattle, WA 98199, USA",4.9,59,,,,"http://www.viceathletics.com/",ChIJfVxuEvIVkFQRHyYiPPOhhLg,,"gym without confirmed saunas"
FILTERED,"Magnolia CrossFit Village","3310 W McGraw St, Seattle, WA 98199, USA",5,43,,,,"http://www.magnoliacrossfit.com/",ChIJR03miUgVkFQRGvP5cHZ_1H0,,"gym without confirmed saunas"
FILTERED,"Magnolia Community Center","2550 34th Ave W, Seattle, WA 98199, USA",4.4,66,,,,"http://www.seattle.gov/parks/find/centers/magnolia-community-center",ChIJVyImwoYVkFQROOlkkh3Rmgs,,"excluded name: community\s*center"
FILTERED,"H BEAUTY SPA","11301 5th Ave NE, Seattle, WA 98125, USA",5,2,,,,"",ChIJVwmHfXERkFQRhL9QyMLjT7w,,"too few reviews (2)"
FILTERED,"Lomi Massage & Spa","1116 N Northgate Way, Seattle, WA 98133, USA",4.4,7,,,,"",ChIJu-B2-uoXkFQRUvfGqko7tfM,,"too few reviews (7)"
FILTERED,"One More SPA","1115 N Northgate Way, Seattle, WA 98133, USA",5,1,,,,"",ChIJ15WoB38XkFQRebXMfvhG8bY,,"too few reviews (1)"
FILTERED,"LEISURE TIME MASSAGE & SPA","12056 15th Ave NE # C1, Seattle, WA 98125, USA",5,5,,,,"https://leisuretimespa.online/",ChIJDbdjJiARkFQRRfeyzQMsovE,,"too few reviews (5)"
FILTERED,"Northgate Community Center","10510 5th Ave NE, Seattle, WA 98125, USA",4.5,189,,,,"http://www.seattle.gov/parks/find/centers/northgate-community-center",ChIJNauPGVYRkFQRBY2bPEB3jfU,,"excluded name: community\s*center"
FILTERED,"F45 Training Northgate WA","301 NE 103rd St Ste 2A, Seattle, WA 98125, USA",4.9,289,,,,"https://f45training.com/studio/northgatewa/",ChIJL9Y-fPARkFQRCQn1pR2tvIc,,"gym without confirmed saunas"
FILTERED,"Planet Fitness","13201 Aurora Ave N, Seattle, WA 98133, USA",4.1,928,,,,"https://www.planetfitness.com/gyms/seattle-aurora-ave-wa?utm_medium=organic&utm_source=extnet",ChIJ2elQYTERkFQRydk20Nfn85o,,"gym without confirmed saunas"
FILTERED,"Shoreline D4 SEASON Head Spa","15507 Westminster Way N #7E, Shoreline, WA 98133, USA",4.5,129,,,,"http://www.d4season.com/",ChIJG9NGAOMRkFQRt_3BH2snGMA,,"excluded type: store"
FILTERED,"Enjoy Spa & Massage in Shoreline","15526 Aurora Ave N STE 202, Shoreline, WA 98133, USA",4.3,6,,,,"http://www.enjoyspa88.com/",ChIJib73HwARkFQRlFIRDLCMW24,,"too few reviews (6)"
FILTERED,"LA BELLE SPA","18820 Aurora Ave N STE 206, Shoreline, WA 98133, USA",4.9,97,,,,"http://www.labellespas.com/",ChIJN6rPKnYRkFQRQqUauRhp5UA,,"no sauna-specific signals"
FILTERED,"Sea breeze spa","938 N 200th St suite A, Shoreline, WA 98133, USA",4.5,17,,,,"https://seabreezespa.setmore.com/seabreezespa",ChIJ-8UHLvIRkFQRDcW5MgKSKV0,,"no sauna-specific signals"
FILTERED,"Tangerine, LLC","525 NE 165th St, Shoreline, WA 98155, USA",5,35,,,,"http://www.tangerinespastudio.com/",ChIJ8TmDSVcUkFQR_Pr1GuUFSlE,,"no sauna-specific signals"
FILTERED,"Head & Skin Health Spa","1207 N 200th St Ste 110, Shoreline, WA 98133, USA",4.6,120,,,,"https://headskinhealthspa.mase.cloud/",ChIJAewSZ-8RkFQRRV0S0cbUm6w,,"no sauna-specific signals"
FILTERED,"Spartan Recreation Center","202 NE 185th St, Shoreline, WA 98155, USA",4.4,214,,,,"http://shorelinewa.gov/spartan",ChIJBS-82V4QkFQRgYio_NR9mWs,,"excluded name: recreation\s*center"
FILTERED,"Emerald City Athletics - Ballinger Village","20202 Ballinger Way NE, Shoreline, WA 98155, USA",4.6,715,,,,"https://emeraldcitygyms.com/ballinger-village/",ChIJg7RRbPgRkFQRd09UrfzrJjs,,"gym without confirmed saunas"
FILTERED,"Dale Turner Family YMCA","19290 Aurora Ave N, Shoreline, WA 98133, USA",4.1,204,,,,"https://www.seattleymca.org/locations/dale-turner-family-ymca?y_source=1_MTAzMDUwMTk4MS03MTUtbG9jYXRpb24ud2Vic2l0ZQ%3D%3D",ChIJS1vfY4kQkFQR6GaOd52H2Xo,,"gym without confirmed saunas"
FILTERED,"Spa Terminal Getaway","Seattle-Tacoma International Airport Concourse A, near, 17801 International Blvd Gate A5, Seattle, WA 98158, USA",2.9,64,,,,"",ChIJG3ul-fFdkFQRL05OQJhFqKE,,"no sauna-specific signals"
FILTERED,"The Spa Warehouse","21665 Pacific Hwy S, Des Moines, WA 98198, USA",4.7,293,,,,"http://www.spawarehouseseattle.com/",ChIJG21bjQpbkFQRE82bfwf-fNU,,"excluded type: store"
FILTERED,"Relaxation Station","1230 Southcenter Mall Suite 352, Tukwila, WA 98188, USA",4.7,101,,,,"https://aceolab.wixsite.com/relaxation-station",ChIJhZActV9dkFQRtmVuSM2Zuw4,,"no sauna-specific signals"
FILTERED,"Spa at the Lake","1053 Lake Washington Blvd N, Renton, WA 98056, USA",4.7,20,,,,"https://www.hyatt.com/en-US/spas/Spa-at-the-Lake/home",ChIJ3XsFSfNpkFQRHSgMP_FtKhk,,"no sauna-specific signals"
FILTERED,"Matt Griffin YMCA","3595 S 188th St, SeaTac, WA 98188, USA",4.1,422,,,,"https://www.seattleymca.org/locations/matt-griffin-ymca?utm_source=google&utm_medium=organic&utm_campaign=business-listing&utm_content=matt-griffin",ChIJC5n-BKFckFQRs4-u37BrPEI,,"gym without confirmed saunas"
FILTERED,"206 Fitness","14635 9th Ave SW, Burien, WA 98166, USA",4.8,60,,,,"https://206fitnessclub.com/",ChIJp1wET_ZFkFQR38-oByD5iOE,,"excluded type: school"
FILTERED,"Arctic Elevation","1133 Lake Washington Blvd N #80, Renton, WA 98056, USA",4.9,54,,,,"https://www.arcticelevation.com/",ChIJn1Fx9HhpkFQRCgeZ52_h7Sg,,"no sauna-specific signals"
FILTERED,"Natural wellness Massage Renton","14256 SE 176th St, Renton, WA 98058, USA",4.7,66,,,,"https://www.naturalspamassage.com/",ChIJ03UzuFtnkFQR1q5hB87W--0,,"no sauna-specific signals"
FILTERED,"BEAUTIFUL AWAKENINGS MASSAGE & SKINCARE","916 N 1st St, Renton, WA 98057, USA",4.9,113,,,,"http://www.beautiful-awakenings.com/",ChIJ0Ss9bHNYkFQRR0bxG-i0YaE,,"no sauna-specific signals"
FILTERED,"Renton Spa","209 Sunset Blvd N, Renton, WA 98057, USA",3.4,17,,,,"",ChIJmejOzAZokFQRmNmgkcPBiVU,,"no sauna-specific signals"
FILTERED,"Dream Chi Spa","321 Burnett Ave S Suite 304, Renton, WA 98057, USA",5,37,,,,"",ChIJmyEpt45DkFQRfba0h7CXhac,,"no sauna-specific signals"
FILTERED,"Medi Spa","17709 108th Ave SE, Renton, WA 98055, USA",4.8,200,,,,"http://medispawa.wixstudio.io/98055",ChIJdz2kHvBdkFQRzcAAtuXtH3Y,,"no sauna-specific signals"
FILTERED,"Imagine Hot Yoga & Wellness","14201 SE Petrovitsky Rd #a1, Renton, WA 98058, USA",5,37,,,,"https://www.imaginehotyoga.com/",ChIJ4wGht1RnkFQRhPrrSPofS7k,,"gym without confirmed saunas"
FILTERED,"Main Spa - Best Asian Massage Renton","203 Main Ave S, Renton, WA 98057, USA",4.5,204,,,,"https://mainmassagespawa.wixsite.com/98057",ChIJFQ5QRnhDkFQRUGi8ofCWowg,,"no sauna-specific signals"
FILTERED,"Comfort Spa","3904 NE 4th St, Renton, WA 98056, USA",4.2,110,,,,"http://www.comfortsparenton.com/",ChIJ2VtkvuBnkFQROzihSIU0uaE,,"no sauna-specific signals"
FILTERED,"The STUDIO massage","4300 Talbot Rd S Suite 201, Renton, WA 98055, USA",4.6,101,,,,"http://www.thestudiomassage.com/",ChIJfSCGWgRdkFQRn_ROoXfKefI,,"no sauna-specific signals"
FILTERED,"Lumen Headspa","495 Renton Center Way SW #101, Renton, WA 98057, USA",4.9,157,,,,"http://lumenheadspa.com/",ChIJz2jmDwVDkFQRVJKfm-nb0l4,,"excluded name: head\s*spa"
FILTERED,"Magnolia spa","17337 140th Ave SE, Renton, WA 98058, USA",5,2,,,,"",ChIJbzXyoL5nkFQRSJFnpRutd0s,,"too few reviews (2)"
FILTERED,"Renton Spa","107 Williams Ave S B, Renton, WA 98057, USA",4.6,12,,,,"http://www.rentonspamassage.com/",ChIJUcFJY6lpkFQRCLnqX6KJw2U,,"no sauna-specific signals"
FILTERED,"UMI SPA","4500 NE Sunset Blvd # A, Renton, WA 98059, USA",5,3,,,,"",ChIJBRVhtTppkFQRuGuFCAFK4-U,,"too few reviews (3)"
FILTERED,"Tokyo spa","451 Park Ave N, Renton, WA 98057, USA",4.6,11,,,,"",ChIJp5FzDeZpkFQRbdx0CrAI9sk,,"no sauna-specific signals"
FILTERED,"Ocean Spa","1800 NE 44th St #108, Renton, WA 98056, USA",4.1,9,,,,"http://oceanspawa.com/",ChIJ16-mCHdpkFQRSe1kvi76UP0,,"too few reviews (9)"
FILTERED,"blue moon spa","315 S 2nd St, Renton, WA 98057, USA",4.3,8,,,,"",ChIJr93yT9lDkFQRmbFlPGuUPOQ,,"too few reviews (8)"
FILTERED,"Renton Spa Massage","1717 NE 44th St, Renton, WA 98056, USA",3.7,32,,,,"http://www.rentonspamassage.us/",ChIJUcFJY6lpkFQRzXFntVuED6M,,"no sauna-specific signals"
FILTERED,"KlickWay Athletics","16410 SE 128th St, Renton, WA 98059, USA",4.7,200,,,,"https://www.klickwayathletics.com/",ChIJFfd91jZmkFQRG9dj9MxyEI0,,"gym without confirmed saunas"
FILTERED,"Vigor Ground Fitness and Performance","332 Burnett Ave S, Renton, WA 98057, USA",4.9,191,,,,"http://www.vigorgroundfitness.com/",ChIJ-49rsAFokFQRpeIcq6Mvam4,,"gym without confirmed saunas"
FILTERED,"Wellness Gaines Fitness","17110 116th Ave SE Unit A, Renton, WA 98058, USA",5,23,,,,"https://www.wellnessgainesrenton.com/",ChIJj1HFSVFdkFQRndDwqIIg-C4,,"gym without confirmed saunas"
FILTERED,"Fortified Fitness","921 S 2nd St, Renton, WA 98057, USA",4.8,51,,,,"http://fortifiedfitness.net/",ChIJX0qYMCtDkFQRMDEsqo5OjVU,,"gym without confirmed saunas"
FILTERED,"APT Health & Fitness","319 Main Ave S, Renton, WA 98057, USA",5,39,,,,"https://www.apthfitness.com/",ChIJDUzhlWJdkFQRnaVLnSWf2gQ,,"gym without confirmed saunas"
FILTERED,"Planet Fitness","4613 NE Sunset Blvd, Renton, WA 98059, USA",4,827,,,,"https://www.planetfitness.com/gyms/renton-wa?utm_medium=organic&utm_source=extnet",ChIJOVnN0GJokFQRvR19aVwWag4,,"gym without confirmed saunas"
FILTERED,"The Public House Barbell Club","150 S Tobin St # A, Renton, WA 98057, USA",5,18,,,,"https://www.publichousebarbellclub.com/",ChIJP4ezGbtDkFQR0c48xeWxekw,,"gym without confirmed saunas"
FILTERED,"Highland Fitness & Performance","3174 NE Sunset Blvd, Renton, WA 98056, USA",5,31,,,,"https://hifitperformance.com/",ChIJT0t91K5pkFQRlLv47QtqNeI,,"gym without confirmed saunas"
FILTERED,"Pink Llama Fitness","216 S Tobin St, Renton, WA 98057, USA",5,12,,,,"https://www.pinkllamafit.com/",ChIJR5fvKc1DkFQRJrT7hq7FZtc,,"gym without confirmed saunas"
FILTERED,"The Fitness Center - Valley Medical Center","talbot professional center, 4011 Talbot Rd S 1st Floor, Renton, WA 98055, USA",4.6,28,,,,"https://www.valleymed.org/find-a-location/f/fitness-centers",ChIJ1ZR5wxpdkFQR0CTXtjfvf-Y,,"gym without confirmed saunas"
FILTERED,"Seattle Training Zone","1755 NE 48th St, Renton, WA 98056, USA",4.8,42,,,,"http://www.seattletrainingzone.com/",ChIJF-90SqhpkFQROegH3NX47VA,,"gym without confirmed saunas"
FILTERED,"All Aglow Spa","224 W Meeker St, Kent, WA 98032, USA",4.9,220,,,,"https://www.allaglowspa.com/",ChIJey67HUpZkFQRKtfk5xNor6w,,"no sauna-specific signals"
FILTERED,"Zen in Kent","20325 124th Ave SE, Kent, WA 98031, USA",4.4,16,,,,"http://zeninkent.com/",ChIJYXT5scddkFQRzd0vqgFpOZ4,,"no sauna-specific signals"
FILTERED,"Solana Wellness Spa","747 Washington Ave N, Kent, WA 98032, USA",,,,,,"",ChIJD6ivYzpbkFQRQ0pJXKaJ-vc,,"too few reviews (0)"
FILTERED,"Redwood Outdoors Office & Local Pickup","20730 72nd Ave S, Kent, WA 98032, USA",4.8,1050,,,,"https://www.redwoodoutdoors.com/",ChIJbyB6TCpdkFQRBa3rlP3mPaI,,"excluded type: storage"
FILTERED,"Zen head spa","18230 E Valley Hwy, Kent, WA 98032, USA",4.2,45,,,,"http://www.zenheadspakent.com/",ChIJSawoX51dkFQR9lRM07RUnD4,,"excluded name: head\s*spa"
FILTERED,"Pure Escape Med Spa","13106 SE 240th St Suite 202, Kent, WA 98031, USA",4.5,65,,,,"https://www.thepureescapespa.com/",ChIJjYje8YtekFQRRri6PvPkPeE,,"no sauna-specific signals"
FILTERED,"24 Hour Fitness","20600 108th Ave SE, Kent, WA 98031, USA",3.4,415,,,,"https://www.24hourfitness.com/gyms/kent-wa/panther-lake-super-sport?Adb_id=GGL_LOC_ACQ_CDP",ChIJVRnmjBRdkFQRLw6slNBkc_c,,"gym without confirmed saunas"
FILTERED,"Jacuzzi Bath Remodel of Seattle","8330 S 259th St, Kent, WA 98030, USA",4.6,705,,,,"https://seattlebaths.com/",ChIJVWQvcMRZkFQRX0MufS0eHkQ,,"excluded type: store"
FILTERED,"Edelweiss Spa","10305 SE 230th Pl, Kent, WA 98031, USA",4.7,52,,,,"http://edelweissspa.net/",ChIJi5sgxSFckFQRgMSkfCdMDGk,,"no sauna-specific signals"
FILTERED,"Federal Way Community Center","876 S 333rd St, Federal Way, WA 98003, USA",4.1,594,,,,"https://itallhappenshere.org/",ChIJ7_JaZqFXkFQRGFyBCSFQwH0,,"excluded type: cafe"
FILTERED,"Fitness Quest MMA","1101 Outlet Collection Way #1275, Auburn, WA 98001, USA",4.4,380,,,,"https://fitness-quest-mma.com/",ChIJ5badbBRZkFQRew7OtvuJnlw,,"gym without confirmed saunas"
FILTERED,"Panther Lake","20600 108th Ave SE, Kent, WA 98031, USA",4.2,345,,,,"",ChIJw2kpfjVckFQRKemzp-YZeAo,,"no sauna-specific signals"
FILTERED,"Devotion Burn","15227 SE 283rd Pl, Kent, WA 98042, USA",5,225,,,,"http://www.clubignitefitness.com/",ChIJhembIbBfkFQR7XI44fS09go,,"gym without confirmed saunas"
FILTERED,"Create Fitness Kent","835 Central Ave N Suite 110, Kent, WA 98032, USA",5,97,,,,"https://www.createfitnessgym.com/",ChIJVUiWeBxZkFQRZbzW29IjItA,,"gym without confirmed saunas"
FILTERED,"Planet Fitness","24044 104th Ave SE A, Kent, WA 98030, USA",4,813,,,,"https://www.planetfitness.com/gyms/kent-104th-ave-wa?utm_medium=organic&utm_source=extnet",ChIJ0Rg6l6NekFQRsz7CwQvOH8k,,"gym without confirmed saunas"
FILTERED,"Planet Fitness","18129 E Valley Hwy, Kent, WA 98032, USA",4.2,497,,,,"https://www.planetfitness.com/gyms/kent-kent-valley-wa?utm_medium=organic&utm_source=extnet",ChIJc-HvGNxdkFQRnynUGlmI9OM,,"gym without confirmed saunas"
FILTERED,"Kent YMCA","10828 SE 248th St, Kent, WA 98030, USA",3.3,175,,,,"https://www.seattleymca.org/schedules/kent-ymca?y_source=1_MTAzMDUwMTk4My03MTUtbG9jYXRpb24ud2Vic2l0ZQ==",ChIJXURX6mxfkFQRveW-24H3mPQ,,"gym without confirmed saunas"
FILTERED,"Revyve Wellness Spa","1045 S 320th St #5, Federal Way, WA 98003, USA",5,2,,,,"",ChIJa5UeOyxXkFQRneItJMXJqBM,,"too few reviews (2)"
FILTERED,"Lomi Lomi Wellness","1414 South 324th St Suite #B213, Federal Way, WA 98003, USA",4.7,81,,,,"https://lomilomiwellness.com/",ChIJ57dlfGhXkFQR7tQx5maedRk,,"no sauna-specific signals"
FILTERED,"Korean SPA","1711 South 324th St, Federal Way, WA 98003, USA",4.2,9,,,,"",ChIJ7Q91lttXkFQRbLf-T7-_wWo,,"too few reviews (9)"
FILTERED,"HOTWORX - Federal Way, WA","2016 S 320th St Suite K, Federal Way, WA 98003, USA",4.8,98,,,,"https://www.hotworx.net/studio/federalway",ChIJZSoZcHdXkFQRxzsblOReLbc,,"gym without confirmed saunas"
FILTERED,"True Edge Fitness","2016 S Commons Unit 730-C004, Federal Way, WA 98003, USA",4.6,51,,,,"https://www.trueedgefit.com/",ChIJY2xxJgtXkFQR6KooYxsxMJw,,"gym without confirmed saunas"
FILTERED,"Temple Fitness","35417 21st Ave SW, Federal Way, WA 98023, USA",4.9,101,,,,"http://templefitnessfw.com/",ChIJvfuMnj1XkFQRDZflp8mtZ4I,,"gym without confirmed saunas"
FILTERED,"Planet Fitness","1211 S 320th St, Federal Way, WA 98003, USA",4.1,969,,,,"https://www.planetfitness.com/gyms/federal-way-wa?utm_medium=organic&utm_source=extnet",ChIJnX_yPnZXkFQRFlVH03IJlOo,,"gym without confirmed saunas"