status,name,address,rating,reviews,types,neighborhood,place_id,reason
NEW,"King Spa & Sauna","321 Commercial Ave, Palisades Park, NJ 07650, USA",4.1,4374,"Boutique Sauna","",ChIJ8T2RcxT3wokRn9NzrWR04z0,
NEW,"East Side Club","227 E 56th St #6Floor, New York, NY 10022, USA",2.9,209,"","Midtown",ChIJ7WaoOORYwokRPlAjzlmUpTY,
NEW,"Perspire Sauna Studio Flatiron","50 W 23rd St, New York, NY 10010, USA",4.9,62,"Boutique Sauna","Flatiron",ChIJZRUpK31ZwokRelH9J1ARTN4,
NEW,"Aura Wellness Spa | Best Sauna & Body Scrub, Day Spa in NYC","49 W 33rd St, New York, NY 10001, USA",3.5,51,"Boutique Sauna","Chelsea",ChIJ2bJAGKlZwokRtEeAc6RQNH8,
NEW,"Haus Of Glow NYC","27 Grand St Level 17, New York, NY 10013, USA",5,12,"","Tribeca",ChIJLafYBNObWYcRRokbLk4k8yo,
NEW,"Elahni","12 W 27th St floor 2, New York, NY 10001, USA",5,85,"","Chelsea",ChIJAzeHxuxZwokRuIAxtgCC_aI,
NEW,"Escape men spa","459 W 18th St, New York, NY 10011, USA",4.5,28,"Day Spa","Chelsea",ChIJd2uOwCBZwokRUzlWGjI47L0,
NEW,"Yeah Man Spa","123 Allen St, New York, NY 10002, USA",4.2,48,"Day Spa","Lower East Side",ChIJ-6idwoZZwokRjbecdyFPyE0,
NEW,"Bathhouse Studios","538 E 11th St, New York, NY 10009, USA",4.4,50,"Modern Bathhouse","East Village",ChIJMQkoRUxYwokR0rDX-INWka4,
NEW,"Baruch Bathhouse","326 Delancey St, New York, NY 10002, USA",4,1,"Modern Bathhouse","Lower East Side",ChIJKaTGBgBZwokRzUJg1Tj4h3A,
NEW,"SPA 32","30 W 32nd St, New York, NY 10001, USA",4.2,139,"Day Spa","Chelsea",ChIJeemQ6KhZwokRC8zuNen1HTc,
NEW,"Kimberly Spa","28 Elizabeth St, New York, NY 10013, USA",4.9,7194,"Day Spa","Tribeca",ChIJNamd4pxZwokRMIbR9ykmBCw,
NEW,"Eden Med Spa","388 Broadway # 1, New York, NY 10013, USA",4.4,267,"Day Spa","Tribeca",ChIJh7EhnSBawokROF_mYcYdm9c,
NEW,"88 Spa","88 Nassau St 3rd floor, New York, NY 10038, USA",4.3,52,"Day Spa","Financial District",ChIJAwSOg-xbwokRzSMdtutXm00,
NEW,"Renew Day Spa 2","78 Bowery 1st Floor, New York, NY 10013, USA",5,6818,"Day Spa","Tribeca",ChIJMWZmWCZawokRA47uYe6b6g0,
NEW,"Healing Spa Woori NY | Women's Sauna in flushing | 뉴욕 여성 사우나, 뉴욕 찜질방","157-16B Northern Blvd, Flushing, NY 11354, USA",4.1,53,"Boutique Sauna","",ChIJCfpAkyVgwokRxS-LjDiCXgY,
NEW,"Maiden Spa Downtown Manhattan","1 Maiden Ln, New York, NY 10038, USA",5,6,"Day Spa","Financial District",ChIJNWKG0xlawokRzV1V0OjcgOA,
NEW,"The Spa at The Dominick","246 Spring St, New York, NY 10013, USA",2.7,28,"Day Spa","Tribeca",ChIJEdDS3IxZwokR1lsBa9vyw2I,
NEW,"Argana Day Spa","7712 13th Ave, Brooklyn, NY 11228, USA",4.7,99,"Day Spa","Brooklyn",ChIJK-t882pFwokRluI4P_QJ5dk,
NEW,"Malika Moroccan bath","65 Page Ave, Staten Island, NY 10309, USA",4.8,119,"Traditional Bathhouse","Staten Island",ChIJd82KKum1w4kRFQd0_2hStL8,
NEW,"Hammam AL Maghreb in Argana Day Spa","Argana Day Spa, 7712 13th Ave, Brooklyn, NY 11228, USA",,,"Traditional Bathhouse","Brooklyn",ChIJAeN_RlZFwokRvHfy3q6MFmw,
NEW,"Soho Sanctuary","119 Mercer St, New York, NY 10012, USA",4.3,52,"","SoHo",ChIJkxgNlY5ZwokRsWe8oXWw_D8,
NEW,"The oak room spa","453 Broadway, Brooklyn, NY 11211, USA",4.8,89,"Day Spa","Brooklyn",ChIJXbJV5qZbwokRaQtGDc4kWww,
NEW,"Coral Essex Spa","123 Essex St, New York, NY 10002, USA",4.1,75,"Day Spa","Lower East Side",ChIJT-prY9BZwokR-QcFU5GozFk,
NEW,"Forbidden Well","52 E 11th St, New York, NY 10003, USA",4.9,63,"","East Village",ChIJo49JJUVZwokRNdHzYoVE95M,
NEW,"Recoverie - Wellness Club","135 Bridge Park Dr, Brooklyn, NY 11201, USA",4.9,233,"Gym Sauna","Brooklyn",ChIJLdRBmdUXuC0R2IkUMYoAnhg,
NEW,"Restore Hyper Wellness","555 6th Ave, New York, NY 10011, USA",4.9,470,"Day Spa","Chelsea",ChIJ2xuBWv1ZwokRNBIGHfxJWiI,
NEW,"Restore Hyper Wellness","1492 3rd Ave, New York, NY 10028, USA",4.9,273,"Day Spa","Upper East Side",ChIJ0U2F8NZZwokRmNsiw4HiqDo,
NEW,"Sui Yoga & Spa Thermae","180 6th Ave, New York, NY 10013, USA",4.8,1048,"Gym Sauna","Tribeca",ChIJoycPFctZwokRZnJHvciUtKA,
NEW,"Sui Spa: Therapeutic Massage, Sauna & Cold Plunge","180 6th Ave, New York, NY 10013, USA",5,17,"Boutique Sauna","Tribeca",ChIJA9R9q9VZwokR0gr7pUhcIrc,
NEW,"Kove Studio Williamsburg","189 N 9th St, Brooklyn, NY 11211, USA",5,129,"","Brooklyn",ChIJHRh5TmdZwokRXj6_FGcZFr0,
NEW,"soho spa","107 MacDougal St F2-01, New York, NY 10012, USA",4.6,121,"Day Spa","SoHo",ChIJVVW5KJJZwokRS6JEit1xdA0,
NEW,"Haven","250 Mercer St, New York, NY 10012, USA",4.6,509,"","SoHo",ChIJnaWk-Y5ZwokRJgKOOgyxJy8,
NEW,"ZZ Day Spa","120 E 56th St 2 Floor, New York, NY 10022, USA",4.9,3090,"Day Spa","Midtown",ChIJU1OgmLJZwokRgMSgbiGbbUw,
NEW,"Bowery Day Spa","86 Bowery 1st Floor, New York, NY 10013, USA",4.9,695,"Day Spa","Tribeca",ChIJqYRbADBbwokRZ2dNK5yzZ84,
NEW,"Renew Day Spa","10 Bowery 2nd floor, New York, NY 10013, USA",4.9,5760,"Day Spa","Tribeca",ChIJg7iUsCdawokRkEIKjzo1Lpk,
NEW,"Life Time One Wall Street","29 New St, New York, NY 10005, USA",4.3,156,"Gym Sauna","Financial District",ChIJ2WW213RbwokRK7xoO11wjKc,
NEW,"Club 300 Tribeca - Luxury Gym | Personal Trainer","101 Leonard St # Phb, New York, NY 10013, USA",5,25,"Gym Sauna","Tribeca",ChIJV8-33I1bwokRmRQQGU6Ppwo,
NEW,"CompleteBody Financial District","10 Hanover Square, New York, NY 10005, USA",4.6,219,"Gym Sauna","Financial District",ChIJidqK4xdawokRElZNhXSNEdc,
NEW,"Crunch Fitness - Tribeca","80 Leonard St, New York, NY 10013, USA",3.9,224,"Gym Sauna","Tribeca",ChIJkxxGPyBawokR6eMBub3Sgyo,
NEW,"PureGym - Formerly Blink Fitness","111 Nassau St, New York, NY 10038, USA",3.7,417,"Gym Sauna","Financial District",ChIJteLScRhawokR7WBODJGQ7Uk,
NEW,"Equinox Orchard Street","200 Orchard St, New York, NY 10002, USA",3.6,158,"Gym Sauna","Lower East Side",ChIJa0Vh7INZwokRzsHq2nsE2kE,
NEW,"Crunch Fitness - FiDi","140 Broadway, New York, NY 10005, USA",4.1,310,"Gym Sauna","Financial District",ChIJzYoYXD1awokRYBW7MPPXVB8,
NEW,"the ness","200 Church St, New York, NY 10013, USA",5,102,"Gym Sauna","Tribeca",ChIJ7RQ5DYpZwokRvCH_Y2pthHs,
NEW,"GYM NYC","227 Mulberry St, New York, NY 10012, USA",4.5,161,"Gym Sauna","SoHo",ChIJTUSXNY9ZwokRUOIACFaFWiM,
NEW,"Crunch Fitness - Union Square","113 4th Ave, New York, NY 10003, USA",3.9,312,"Gym Sauna","East Village",ChIJEbV6OZlZwokRgPp0QZ-P9Fs,
NEW,"SIXTY LES Hotel","190 Allen St, New York, NY 10002, USA",3.8,992,"Hotel Spa","Lower East Side",ChIJLbf69oNZwokRiEWqaFf1FcM,
NEW,"The Garden City Hotel","45 7th St, Garden City, NY 11530, USA",4.4,2133,"Hotel Spa","",ChIJa_yyXDh9wokRgxoEQsQrw_8,
NEW,"Fouquet's New York","456 Greenwich St, New York, NY 10013, USA",4.5,183,"Hotel Spa","Tribeca",ChIJ2WPuSHVZwokRsWWXSptB01A,
NEW,"Waldorf Astoria New York","301 Park Ave, New York, NY 10022, USA",4.3,1908,"Hotel Spa","Midtown",ChIJTzi6VfxYwokRDtjrgLbTvH4,
NEW,"1 Hotel Brooklyn Bridge","60 Furman St, Brooklyn, NY 11201, USA",4.3,2760,"Hotel Spa","Brooklyn",ChIJI3iV7jlawokRGIVhEkj651U,
NEW,"W Hoboken","225 River St, Hoboken, NJ 07030, USA",4.4,2054,"Hotel Spa","",ChIJ67eiTOBZwokRvqTgL4UexRk,
NEW,"Four Seasons Hotel New York","57 E 57th St, New York, NY 10022, USA",4.6,1177,"Hotel Spa","Midtown",ChIJ68J3tfpYwokR2HaRoBcB4xg,
NEW,"TMPL - Hell's Kitchen","355 W 49th St, New York, NY 10019, USA",4.3,804,"Gym Sauna","Hell's Kitchen",ChIJ4TLixVZYwokRfjpYrjwZ7Jc,
NEW,"Life Time","605 W 42nd St, New York, NY 10036, USA",3.5,446,"Gym Sauna","Midtown",ChIJw0IHCUxYwokRH1WwqLupC5I,
NEW,"The Strength Club NYC","1 E 28th St # 5b, New York, NY 10016, USA",5,116,"Gym Sauna","Midtown",ChIJBbwQg9tZwokR6GZpWQU50Wk,
NEW,"Lift / Next Level Floats","320 Court St, Brooklyn, NY 11231, USA",4.9,587,"Float Spa","Brooklyn",ChIJ2aH3GlpawokRfa2yhNPeWyw,
NEW,"Vessel Floats","101 West St, Brooklyn, NY 11222, USA",4.9,442,"Float Spa","Brooklyn",ChIJyemEH1pZwokRhVGIqoPonpk,
NEW,"om.life Wellness * Modern Recovery Spa","18 Park View Ave Suite 2A, Jersey City, NJ 07302, USA",4.8,165,"Day Spa","",ChIJX_pnmLpQwokRrlyyzTc6hl4,
NEW,"Floatopia Float Spa & Salt Cave","858 E Jericho Tpke, Huntington Station, NY 11746, USA",4.9,233,"Float Spa","",ChIJ-2pu2tEo6IkRYVuQ42ZtYxs,
NEW,"Reset Float","350 Franklin Ave, Franklin Square, NY 11010, USA",4.9,182,"Float Spa","",ChIJRV5pxhZjwokRyG4cvwkExto,
NEW,"Body Mind Salt","6925 3rd Ave, Brooklyn, NY 11209, USA",4.8,55,"","Brooklyn",ChIJ2ziaAwJFwokR2spZmJ_ySFY,
NEW,"Blue Light Floatation","148 W 23rd St, New York, NY 10011, USA",4.5,14,"Float Spa; Gym Sauna","Chelsea",ChIJ0xhtM7tZwokR0q29WoqolXM,
NEW,"Himalayan Salt Cave Spa & Float","330 US-9, Manalapan Township, NJ 07726, USA",4.8,954,"Float Spa","",ChIJZfTDAvjTw4kRfSYH7T-Ui-A,
NEW,"Rise Above Floatation","111 E Main St, Mt Kisco, NY 10549, USA",4.9,158,"Float Spa","",ChIJ8-mG1T66wokRaibJxdGIL78,
NEW,"Salt Float Center","149 Valley Rd, Montclair, NJ 07042, USA",4.8,115,"Float Spa","",ChIJCc8vWauqw4kRtU5fQVfmP0M,
NEW,"FICS by PRTL","136 W 17th St, New York, NY 10011, USA",4.9,40,"Gym Sauna","Chelsea",ChIJBS_u3XRZwokR27lMuWEnUn8,
NEW,"Mountain Float Spa","215 Main St, New Paltz, NY 12561, USA",4.9,94,"Float Spa","",ChIJQxN3ioAi3YkRlcORVE7SU-8,
NEW,"The Float Place Patchogue","73 N Ocean Ave Suite D, Patchogue, NY 11772, USA",4.9,281,"Float Spa","",ChIJB4wmlyFJ6IkRm4f7eFaRUfY,
NEW,"HeavenLee Float Spa","236 Richmond Valley Rd, Staten Island, NY 10309, USA",4.7,85,"Float Spa","Staten Island",ChIJKZUU_Eu1w4kR3bG3oE01OL0,
NEW,"Time Square Men's Spa","351 W 44th St, New York, NY 10036, USA",4.4,127,"Day Spa","Midtown",ChIJff_hSQBZwokRD_qUEIWibmg,
NEW,"Equinox Flatiron","897 Broadway, New York, NY 10003, USA",4,225,"Gym Sauna","East Village",ChIJFRwmzKNZwokRWzTKm-yl_3I,
NEW,"Kings Spa","943-947 61st St, Brooklyn, NY 11219, USA",3.5,361,"Day Spa","Brooklyn",ChIJZYSt3klFwokRnLsT9y4OX3I,
NEW,"Othership Williamsburg","25 Kent Ave, Brooklyn, NY 11249, USA",5,337,"","Brooklyn",ChIJGakjPLVZwokRVwUuwN_dxkU,
NEW,"Bamford Wellness Spa","60 Furman St, Brooklyn, NY 11201, USA",4.3,154,"Day Spa","Brooklyn",ChIJxWLy8DlawokRxepFX7fGl80,
NEW,"Brooklyn Athletic Club","8 Berry St, Brooklyn, NY 11249, USA",4.7,121,"Gym Sauna","Brooklyn",ChIJSwv8OUNZwokRcBTWmMInHko,
NEW,"GYM NYC BK","85 Livingston St, Brooklyn, NY 11201, USA",4.7,29,"Gym Sauna","Brooklyn",ChIJfa1w5wRbwokRXUYvdpFMwvc,
NEW,"Equinox Brooklyn Heights","194 Joralemon St, Brooklyn, NY 11201, USA",3.3,141,"Gym Sauna","Brooklyn",ChIJ0yHZKElawokRD8CthaFLHls,
NEW,"Equinox Williamsburg","246 Bedford Ave, Brooklyn, NY 11211, USA",3.1,247,"Gym Sauna","Brooklyn",ChIJvxhYwl1ZwokRLsmA3YppVxE,
NEW,"Harbor Fitness Park Slope","550 5th Ave, Brooklyn, NY 11215, USA",4.6,428,"Gym Sauna","Brooklyn",ChIJgywovORawokR-bQsESJylrM,
NEW,"Crunch Fitness - Ft. Greene","691 Fulton St, Brooklyn, NY 11217, USA",4,382,"Gym Sauna","Brooklyn",ChIJK0RBzbNbwokRngsQvJBplTY,
NEW,"Crunch Fitness - Park Slope","314 Flatbush Ave, Brooklyn, NY 11238, USA",3.7,392,"Gym Sauna","Brooklyn",ChIJN4_DeqhbwokR4DY_D6YNSLw,
NEW,"Grind House Brooklyn","203 Berry St, Brooklyn, NY 11249, USA",4.5,252,"Gym Sauna","Brooklyn",ChIJz0ZuA6FZwokR50KyiezXr0Y,
NEW,"Slope Fitness","808 Union St, Brooklyn, NY 11215, USA",4.7,83,"Gym Sauna","Brooklyn",ChIJXTKmZwdbwokRtIrHbTgkucg,
NEW,"Brooklyn Sports Club","1540 Van Siclen Ave, Brooklyn, NY 11239, USA",4.2,192,"Gym Sauna","Brooklyn",ChIJ9dYXHBpdwokRKQLyDISFPUY,
NEW,"Williamsburg Fitness","433 Park Ave, Brooklyn, NY 11205, USA",4.4,43,"Gym Sauna","Brooklyn",ChIJ-0DVtsdbwokREDkedK_Lmn4,
NEW,"Equinox Dumbo","117 Front St, Brooklyn, NY 11201, USA",4.1,110,"Gym Sauna","Brooklyn",ChIJa8aGYDFawokRXvbF70NQoQI,
NEW,"overture spa","697 Lorimer St, Brooklyn, NY 11211, USA",4.9,208,"Day Spa","Brooklyn",ChIJT7k2HhFZwokR0j_jsBQQl58,
NEW,"Restore Hyper Wellness","149 Kent Ave, Brooklyn, NY 11249, USA",4.9,168,"Day Spa","Brooklyn",ChIJ60cZY7RZwokRe8AecoSekp0,
NEW,"Greenhouse Holistic","218 N 7th St, Brooklyn, NY 11211, USA",4.8,170,"","Brooklyn",ChIJnUH-m15ZwokRmcJLEXTxc1A,
NEW,"Pure Qi Spa","268 Driggs Ave, Brooklyn, NY 11222, USA",4.5,315,"Day Spa","Brooklyn",ChIJP7pAd0VZwokR-eFYSVlV-qY,
NEW,"The Spa at Equinox Williamsburg","246 Bedford Ave, Brooklyn, NY 11211, USA",5,1,"Gym Sauna","Brooklyn",ChIJ12BmPw5ZwokRUPHTAZfK7gE,
NEW,"Blue Ocean Relax Inc","553 Grand St, Brooklyn, NY 11211, USA",4.8,143,"","Brooklyn",ChIJB-1xRABZwokRmbhegm5h_ss,
NEW,"302 Grand Spa","302 Grand St, Brooklyn, NY 11211, USA",4.3,143,"Day Spa","Brooklyn",ChIJJUZZWGVZwokRiiNwo9uySoY,
NEW,"Sunshine SPA","99 Graham Ave, Brooklyn, NY 11206, USA",4.6,67,"Day Spa","Brooklyn",ChIJt37fxfxbwokRaIhYTTlw_GU,
NEW,"GLO Boutique Spa","74 N 8th St, Brooklyn, NY 11249, USA",4.9,75,"Day Spa","Brooklyn",ChIJo6a5m2dZwokR4Qc8-tNv9J8,
NEW,"Chalk Gyms","193 N 9th St, Brooklyn, NY 11211, USA",4.7,117,"Gym Sauna","Brooklyn",ChIJPSFuQ1xZwokRKe4W9nYm6j0,
NEW,"Equinox Domino","24 River St, Brooklyn, NY 11249, USA",3.1,159,"Gym Sauna","Brooklyn",ChIJ23lVb79ZwokRpA7BSeG6q0c,
NEW,"Vibe Fitness Greenpoint","147 Greenpoint Ave, Brooklyn, NY 11222, USA",4.6,97,"Gym Sauna","Brooklyn",ChIJUU45_99ZwokRNFHfLNcnB9o,
NEW,"PureGym - Formerly Blink Fitness","287 Broadway, Brooklyn, NY 11211, USA",3.8,569,"Gym Sauna","Brooklyn",ChIJIwCQkeBbwokRjYNQQ63OUUE,
NEW,"Absolute Power Gym","750 Grand St, Brooklyn, NY 11211, USA",4.8,600,"Gym Sauna","Brooklyn",ChIJhxDNaFZZwokR6w6NWj8d7GU,
NEW,"Form50 Fitness Williamsburg","335 Bedford Ave, Brooklyn, NY 11211, USA",4.9,282,"Gym Sauna","Brooklyn",ChIJsa75OpBbwokR8fFlU1UNs-8,
NEW,"Williamsburg Athletic (WBA)","106 N 3rd St, Brooklyn, NY 11249, USA",5,21,"Gym Sauna","Brooklyn",ChIJUVy7bB1ZwokRjlgzbNuU1F8,
NEW,"SNS Strength Williamsburg","88 Waterbury St, Brooklyn, NY 11206, USA",4.4,97,"Gym Sauna","Brooklyn",ChIJNfVCItlbwokRImNlEQBdI6g,
NEW,"BODYROK Williamsburg","237 Grand St, Brooklyn, NY 11211, USA",4.8,167,"Gym Sauna","Brooklyn",ChIJp3qjTO9ZwokROmEvM4HedCo,
NEW,"Gravity East Village","515 E 5th St # 1A, New York, NY 10009, USA",4.2,19,"","East Village",ChIJK3BIpIJZwokRx8WXAj_JBCE,
NEW,"EV Garden Spa","422 E 14th St, New York, NY 10009, USA",5,4,"Day Spa","East Village",ChIJP5_j655ZwokRn-5OXsZTqOY,
NEW,"East 6st Spa","236 E 6th St, New York, NY 10003, USA",5,3,"Day Spa","East Village",ChIJX7dXiSpZwokRpRUURt_6kuU,
NEW,"Wood House Spa Center Inc","543 1/2 E 6th St, New York, NY 10009, USA",4.9,49,"Day Spa","East Village",ChIJe2zgGXhZwokRcgMYYAkZW0c,
NEW,"Dr Jane's La Casa Spa","41 E 20th St, New York, NY 10003, USA",4.3,30,"Day Spa","East Village",ChIJ46eUfqFZwokRGjI29jsC3Pk,
NEW,"TMPL - Astor Place","4 Astor Pl, New York, NY 10003, USA",4.5,858,"Gym Sauna","East Village",ChIJOR8jUJpZwokRMxaqWe7kieU,
NEW,"HOTWORX - New York, NY - Greenwich Village","784 Broadway, New York, NY 10003, USA",4,37,"Gym Sauna","East Village",ChIJlxF11pZZwokRO28gSABu5yE,
NEW,"LIFTONIC East Village","32 E 1st St Lower Level, New York, NY 10003, USA",4.9,175,"Gym Sauna","East Village",ChIJsxFMeB1ZwokRvexc-rHsW_E,
NEW,"GYM NYC East 3rd St.","155 E 3rd St, New York, NY 10009, USA",4.8,75,"Gym Sauna","East Village",ChIJ4XU_fH9ZwokRSG7G-FDljLs,
NEW,"Life Time","62 Cooper Sq, New York, NY 10003, USA",3.6,73,"Gym Sauna","East Village",ChIJK-RlliFZwokRDhJpzj-wa-M,
NEW,"StuyFitness","629 E 14th St, New York, NY 10009, USA",4.7,152,"Gym Sauna","East Village",ChIJr9fK001ZwokRJsWBQmpjOSQ,
NEW,"Equinox Bond Street","0 Bond St, New York, NY 10012, USA",4,129,"Gym Sauna","SoHo",ChIJtxFuAJBZwokRwaNFoBv6Jtc,
NEW,"S10 Recovery","109 Leroy St, New York, NY 10014, USA",4.3,15,"Wellness Center","West Village",ChIJv96EYJJZwokRvzUi0zbeL5g,
NEW,"Body Roll Studio West Village","47 Greenwich Ave, New York, NY 10014, USA",5,20,"","West Village",ChIJ9-kZ5F1ZwokR6t-34HO42Rw,
NEW,"Morning Dew Mens Spa","26 Perry St, New York, NY 10014, USA",4.4,29,"Day Spa","West Village",ChIJbdrkDr5ZwokRt-zpXZNqSXI,
NEW,"All Seasons Spa","387 6th Ave, New York, NY 10014, USA",4.6,56,"Day Spa","West Village",ChIJ-UVYAYdZwokRon0qoXsPQPc,
NEW,"The Spa at Equinox Greenwich","234 W 12th St, New York, NY 10014, USA",5,3,"Gym Sauna","West Village",ChIJW334SBVZwokRBrLCBqJlQ08,
NEW,"All Seasons Spa","324 W 14th St, New York, NY 10014, USA",4.8,137,"Day Spa","West Village",ChIJH-_8aE1ZwokRSOnP6Mm6oZQ,
NEW,"West Garden Spa","243 W 30th St suite 1, New York, NY 10001, USA",,,"Day Spa","Chelsea",ChIJUZsrUABZwokRDwrGygp3nvg,
NEW,"Renew Body Wellness","49 W 8th St 2nd Floor, New York, NY 10011, USA",4.5,336,"Day Spa","Chelsea",ChIJNdgJxZZZwokRv1Q9GB8FdrE,
NEW,"Equinox Greenwich Avenue","97 Greenwich Ave, New York, NY 10014, USA",3.4,207,"Gym Sauna","West Village",ChIJ59Wj85VZwokRqiEq8pCHDe8,
NEW,"Aesthetic Lab","132 W Houston St, Manhattan, NY 10012, USA",5,150,"Gym Sauna","Manhattan",ChIJVyk_mAlZwokR8RqPmvT1Azc,
NEW,"Grind House Manhattan","47 W 17th St, New York, NY 10011, USA",5,8,"Gym Sauna","Chelsea",ChIJ-9rDGFVZwokRM5dzybh4OUw,
NEW,"Performance HQ","108 W 14th St Floor 2, New York, NY 10011, USA",4.9,27,"Gym Sauna","Chelsea",ChIJhRJi9exZwokRyvKHtN5JTXA,
NEW,"COMPLETE by CompleteBody (Union Square)","25 W 14th St, New York, NY 10011, USA",4.8,166,"Gym Sauna","Chelsea",ChIJJ4ZeOrJZwokRvxJUB52x7Ys,
NEW,"Continuum","676 Greenwich St, New York, NY 10014, USA",4.2,39,"Gym Sauna","West Village",ChIJhzfz9o1ZwokRGH72lp06CSw,
NEW,"West Village Athletic (WVA)","131 Perry St, New York, NY 10014, USA",5,52,"Gym Sauna","West Village",ChIJp_rRfKBZwokRz9fWgDL7pis,
NEW,"LIFTONIC West Village","13 Gansevoort St, New York, NY 10014, USA",4.9,252,"Gym Sauna","West Village",ChIJR5Gwwb9ZwokRg9CWHb7jcYc,
NEW,"S10 Training","109 Leroy St, New York, NY 10014, USA",4.7,30,"Gym Sauna","West Village",ChIJDblDpiBawokR2Qp9A5Wx9h8,
NEW,"The Spa at Equinox Greenwich Avenue","97 Greenwich Ave, New York, NY 10014, USA",,,"Gym Sauna","West Village",ChIJteP3L5RZwokRrXxfmmBso9M,
NEW,"The Spa at Hotel Chelsea","222 W 23rd St, New York, NY 10011, USA",4.9,39,"Hotel Spa","Chelsea",ChIJ_XqsKxxZwokRXy14WiZGmrc,
NEW,"Oasis Men's Spa","224 8th Ave Store #3, New York, NY 10011, USA",4.9,104,"Day Spa","Chelsea",ChIJgYjOYCZZwokRkjvEb3xhVjw,
NEW,"Chelsea Wellness","133 W 25th St, New York, NY 10001, USA",4.4,432,"Day Spa","Chelsea",ChIJLQ2pkb5ZwokRlxKohyTLWfs,
NEW,"Chelsea men spa","122 W 29th St, New York, NY 10001, USA",4.4,39,"Day Spa","Chelsea",ChIJg63XfHFZwokRxAl8wPLmyMQ,
NEW,"Refresh Body Wellness Spa","133 W 25th St, New York, NY 10001, USA",4.6,90,"Day Spa","Chelsea",ChIJhUEsFqVZwokR-7soBruqnBA,
NEW,"Banyan Tree Thai Spa","121 W 27th St Ste 206 (2nd Floor, New York, NY 10001, USA",4.8,457,"Russian Bathhouse","Chelsea",ChIJg0Cezq1ZwokRj2rKOn6Rnm0,
NEW,"Spa & Beauty Chelsea, NYC","124 W 24th St, New York, NY 10011, USA",4.9,56,"Day Spa","Chelsea",ChIJSf5vklNZwokRthptyqWZlK0,
NEW,"30 St Spa","360 7th Ave #2nd, New York, NY 10001, USA",4.5,13,"Day Spa","Chelsea",ChIJT0fGxZlZwokR5W8J5rRJ7jI,
NEW,"Gym U NYC","215 W 23rd St, New York, NY 10011, USA",4,169,"Gym Sauna","Chelsea",ChIJQaRFYYtZwokRDshUjaFcP2k,
NEW,"Life Time","60 W 23rd St, New York, NY 10010, USA",3.7,157,"Gym Sauna","Flatiron",ChIJCTIrwPFZwokReroxCWF_olU,
NEW,"Equinox High Line","100 10th Ave, New York, NY 10011, USA",3.8,130,"Gym Sauna","Chelsea",ChIJ74rrqrhZwokRyhuMj4TbNaA,
NEW,"Chelsea Piers Fitness","308 Park Ave S, New York, NY 10010, USA",4.2,73,"Gym Sauna","Flatiron",ChIJhba4g49ZwokRYWaQrhNZMgI,
NEW,"The Fit Faction","127 W 26th St Store 2, New York, NY 10001, USA",5,41,"Gym Sauna","Chelsea",ChIJKyl_vF1ZwokR7ixTU_1_6js,
NEW,"PureGym - Formerly Blink Fitness","308 8th Ave, New York, NY 10001, USA",4,427,"Gym Sauna","Chelsea",ChIJkdedhLpZwokREX_Svdfz1bY,
NEW,"SWEAT440 Fitness Chelsea","600 6th Ave, New York, NY 10011, USA",4.9,305,"Gym Sauna","Chelsea",ChIJ84XOFz1ZwokRrLVzX3LSwnU,
NEW,"Iron Bodyfit Chelsea, NYC","220 W 16th St, New York, NY 10011, USA",4.9,154,"Gym Sauna","Chelsea",ChIJV6D2NLFZwokRMUKeUGl6H0E,
NEW,"New York Sports Club","128 8th Ave, New York, NY 10011, USA",3.9,421,"Gym Sauna","Chelsea",ChIJewZ2mb5ZwokRWvQfqUOtT08,
NEW,"Crunch Fitness - Chelsea","220 W 19th St, New York, NY 10011, USA",4.2,354,"Gym Sauna","Chelsea",ChIJw6JherxZwokRdJEQ3JTVApM,
NEW,"Equinox Hudson Yards","32 Hudson Yards, New York, NY 10001, USA",3.8,596,"Gym Sauna","Chelsea",ChIJKylnGIFZwokRtpZp0G8MR40,
NEW,"Soho Bubble Spa","429 Broome St, New York, NY 10013, USA",4,92,"Day Spa","Tribeca",ChIJRYnbtnZZwokRD2nSSaMEkaU,
NEW,"Taiji Jubest Spa","303 Canal St 2nd fl, New York, NY 10013, USA",4.3,285,"Day Spa","Tribeca",ChIJqQWqQIpZwokRMoT1qANUiI0,
NEW,"Eva Spa","222 Lafayette St Basement, New York, NY 10012, USA",5,5,"Day Spa","SoHo",ChIJR2IEoupZwokR2xHBdJmYShg,
NEW,"The Spa at Equinox SoHo","69 Prince St, New York, NY 10012, USA",1,2,"Gym Sauna","SoHo",ChIJdS2qUKNZwokRrS-RwnjwVhg,
NEW,"Bliss Spa","568 Broadway #2, New York, NY 10012, USA",4,173,"Day Spa","SoHo",ChIJex7FHI9ZwokRKJc4XtKqgWU,
NEW,"Equinox SoHo","69 Prince St, New York, NY 10012, USA",3.5,163,"Gym Sauna","SoHo",ChIJex7FHI9ZwokR3NkJeC5rhSo,
NEW,"LIMITLESS NYC","371 Canal St, New York, NY 10013, USA",5,221,"Gym Sauna","Tribeca",ChIJe5QyCk5ZwokRwe8c-L76UKY,
NEW,"JDI Barbell Tribeca","Retail Level, 93 Worth St, New York, NY 10013, USA",4.7,44,"Gym Sauna","Tribeca",ChIJkZn64i1bwokRXppyNjfR7jg,
NEW,"Hanson Fitness - SOHO","42 Wooster St, New York, NY 10012, USA",4.8,39,"Gym Sauna","SoHo",ChIJcaHsB4xZwokR8c11NWxXqZE,
NEW,"SoHo Strength Lab","182 Mulberry St, New York, NY 10012, USA",4.9,39,"Gym Sauna","SoHo",ChIJSRhv7IhZwokRG7onKQTCYxA,
NEW,"Equinox Hudson Square","75 Varick St, New York, NY 10013, USA",4.6,21,"Gym Sauna","Tribeca",ChIJKXEN2d5ZwokREOqjqcHd15I,
NEW,"BODYROK Soho","598 Broadway 3rd Floor, New York, NY 10012, USA",4.8,224,"Gym Sauna","SoHo",ChIJYxjLG5BZwokR7O8-BS1XsQg,
NEW,"Naturopathica Tribeca at Nexus Club","100 Church St 7th Floor, New York, NY 10007, USA",4.9,108,"","Tribeca",ChIJua5XIWhbwokRudQVpaXhHng,
NEW,"The Spa at Equinox Tribeca","54 Murray St, New York, NY 10007, USA",,,"Gym Sauna","Tribeca",ChIJsVd0lLlbwokRl7Iz6EO-nxQ,
NEW,"Shibui Spa","377 Greenwich St, New York, NY 10013, USA",4.3,80,"Day Spa","Tribeca",ChIJkQxhg_VZwokRu69-xykT-IE,
NEW,"HigherDOSE","Spa Level, 54 Murray St, New York, NY 10007, USA",5,3,"","Tribeca",ChIJiRO_n3ZbwokRZPzPcAUwEPk,
NEW,"La Réserve Aesthetics Med Spa + Wellness","177 Duane St, New York, NY 10013, USA",5,23,"Day Spa","Tribeca",ChIJFwDdTnxbwokRivTHJ5Rknjk,
NEW,"The Spa at Four Seasons Hotel New York Downtown","27 Barclay St, New York, NY 10007, USA",3.9,36,"Gym Sauna; Hotel Spa","Tribeca",ChIJK9Is4xhawokRM9cdEltMbdk,
NEW,"Spring Bloom Spa","110 Church St, New York, NY 10007, USA",4.9,106,"Day Spa","Tribeca",ChIJ5f8e8lFbwokRfOZ034ABXQE,
NEW,"Equinox Tribeca","54 Murray St, New York, NY 10007, USA",3.4,105,"Gym Sauna","Tribeca",ChIJpY17LBlawokRL3S0t5cQ9_Q,
NEW,"Action Black Tribeca","152 Franklin St, New York, NY 10013, USA",4.9,82,"Gym Sauna","Tribeca",ChIJV3mHo_pZwokRFsFR1z2--Ag,
NEW,"The Live Well Company","256 West St, New York, NY 10013, USA",5,29,"Gym Sauna","Tribeca",ChIJfelmOPRZwokR2S1WtOzQ0xo,
NEW,"Tribeca View","225 Broadway # 2700, New York, NY 10007, USA",4.9,17,"Gym Sauna","Tribeca",ChIJD17RZA5bwokRKsFElZpKKxI,
NEW,"SotoMethod Tribeca","68 Thomas St, New York, NY 10013, USA",5,30,"Gym Sauna","Tribeca",ChIJ2Xg5_MZbwokRIxL5TfSfYmU,
NEW,"The Lodge","450 Greenwich St, New York, NY 10013, USA",5,15,"Gym Sauna","Tribeca",ChIJpXCRRupZwokR0PhedrFtG60,
NEW,"Equinox Wall Street","14 Wall St, New York, NY 10005, USA",3.5,124,"Gym Sauna","Financial District",ChIJN-lWGBdawokRv_dxgktr0sc,
NEW,"FemFit Body Lab","100 Barclay St, New York, NY 10007, USA",4.3,6,"Gym Sauna","Tribeca",ChIJn4xlUydbwokRt2PQNu07VdU,
NEW,"Equinox Brookfield Place","225 Liberty St, New York, NY 10281, USA",4,118,"Gym Sauna","",ChIJk6BlWBpawokR2cSGUkSlnok,
NEW,"Yihan Spa","926 2nd Ave 2nd Floor, New York, NY 10022, USA",5,1674,"Day Spa","Midtown",ChIJ0bHN9OJYwokRaAluhqDbd0Y,
NEW,"Water Cube Spa Relax Center","56 W 39th St 001 Floor, New York, NY 10018, USA",4.8,438,"Day Spa","Midtown",ChIJHV46a3lZwokRQYySFW_hnWk,
NEW,"NY Health Spa | midtown massage NYC","5 W 37th St B1, New York, NY 10018, USA",4.3,16,"Day Spa","Midtown",ChIJK0ozHQxZwokRa5bgOe95x3c,
NEW,"Noble Men’s Spa – Luxury Day Spa & Massage for Men, NYC","274 Madison Ave 13th Floor, Suit 1302, New York, NY 10016, USA",4.9,159,"Day Spa","Midtown",ChIJRYsfOQBZwokRhjOoi5V3b3c,
NEW,"Renew Cozy Spa","34 W 36th St., New York, NY 10018, USA",4.9,264,"Day Spa","Midtown",ChIJT4n-bgBZwokRpIbupyxD2Yk,
NEW,"Spa de La Mer","28 W 53rd St, New York, NY 10019, USA",4,106,"Day Spa","Hell's Kitchen",ChIJwziTY_lYwokRw-n_2sxeSlI,
NEW,"CompleteBody Midtown East","301 E 57th St, New York, NY 10022, USA",4.7,155,"Gym Sauna","Midtown",ChIJMxEineZYwokRTmnQh45Acaw,
NEW,"Crunch Fitness - 38th Street","1385 Broadway, New York, NY 10018, USA",4,292,"Gym Sauna","Midtown",ChIJ0WXGnqtZwokRkz4qZohHaNQ,
NEW,"TMPL - Lexington","155 E 53rd St, New York, NY 10022, USA",4.5,813,"Gym Sauna","Midtown",ChIJKauyoLFZwokRrifZFRhD5YU,
NEW,"Crunch Fitness - 59th Street","1109 2nd Ave, New York, NY 10022, USA",3.9,317,"Gym Sauna","Midtown",ChIJIa4fe-ZYwokR_PsMGPSu68U,
NEW,"Crunch Fitness - 34th Street","222 E 34th St, New York, NY 10016, USA",3.4,354,"Gym Sauna","Midtown",ChIJY4w6_QVZwokRUJqjUE3yp9o,
NEW,"Mid City Gym & Tanning","345 W 42nd St, New York, NY 10036, USA",4.2,292,"Gym Sauna","Midtown",ChIJIdJdHFNYwokRw6N6wI4BKc0,
NEW,"Crunch Fitness - Midtown East","511 Lexington Ave, New York, NY 10017, USA",4,115,"Gym Sauna","Midtown",ChIJC91EOFNZwokRyvd3nVxjjWk,
NEW,"Life Time","110 W 56th St, New York, NY 10019, USA",3.1,70,"Gym Sauna","Hell's Kitchen",ChIJ0a-LKZxZwokRZRbGab1NVLA,
NEW,"Amenity Spa 90","341 E 90th St #1FL, New York, NY 10128, USA",4.6,90,"Day Spa","Upper East Side",ChIJVxmCiRRZwokR0nLoPYttd94,
NEW,"Restore Hyper Wellness","1191 3rd Ave, New York, NY 10021, USA",4.9,520,"Day Spa","Upper East Side",ChIJQ7BzFhtZwokRuWivMIN8WBw,
NEW,"Yihan Spa","200a E 62nd St, New York, NY 10065, USA",5,1045,"Day Spa","Upper East Side",ChIJnT-ApGpZwokRxJfWindTTsE,
NEW,"Spring spa","171 E 92nd St, New York, NY 10128, USA",4.6,18,"Day Spa","Upper East Side",ChIJu_NLErhZwokR0WhNdfHsdBw,
NEW,"Health Spa","419 E 82nd St, New York, NY 10028, USA",3,8,"Day Spa","Upper East Side",ChIJvRePTPZZwokRKgeFxJIHAXA,
NEW,"Sage + Sound","1481 3rd Ave, New York, NY 10028, USA",4.5,107,"","Upper East Side",ChIJ03-PM7hZwokR5T8Vop9drIo,
NEW,"Lee Spa Massage & Wellness","1626 3rd Ave, New York, NY 10128, USA",5,34,"Day Spa","Upper East Side",ChIJyfZrkAxZwokRO6lujPqP_8c,
NEW,"The LIV Method UES","157 East 86th St 3rd Floor, New York, NY 10028, USA",4.5,13,"Gym Sauna","Upper East Side",ChIJR5f4NwNZwokRr0cKgTlKLD4,
NEW,"The Spa at Equinox East 92nd Street","203 E 92nd St, New York, NY 10128, USA",,,"Gym Sauna","Upper East Side",ChIJ59Q1_yhZwokRCbXjKl4a9IY,
NEW,"The Monterey Health Club","175 E 96th St, New York, NY 10128, USA",4.5,40,"Gym Sauna","Upper East Side",ChIJb2_jb6ZYwokRoK3koggliWQ,
NEW,"The Couple Spa","320 E 65th St, New York, NY 10065, USA",4.5,391,"Day Spa","Upper East Side",ChIJTQO3N-hYwokRXbcjLuPod-U,
NEW,"The Spa at Equinox East 85th Street","203 E 85th St, New York, NY 10028, USA",5,1,"Gym Sauna","Upper East Side",ChIJbVT6FTxZwokRBbS_cg9A2C8,
NEW,"The Spa at Fifth Avenue","875 5th Ave # 1cde, New York, NY 10065, USA",5,16,"Day Spa","Upper East Side",ChIJWQWpb0pZwokRqsZsT3k-nJ8,
NEW,"Epic Men’s Spa","810 Lexington Ave 2 FL, New York, NY 10065, USA",4.6,20,"Day Spa","Upper East Side",ChIJa607DUhZwokR_b6WeJQ5Y04,
NEW,"Dream | Spa | Massage","799 Lexington Ave #2a, New York, NY 10065, USA",4.1,10,"Day Spa","Upper East Side",ChIJMUi1s-NZwokRpUfL1vAafdU,
NEW,"The Surrey Spa","20 E 76th St Floor 2, New York, NY 10021, USA",5,4,"Day Spa","Upper East Side",ChIJy2qJGUtZwokR-D0SsyHNzF4,
NEW,"SPA 81","320 E 81st St, New York, NY 10028, USA",4.6,31,"Day Spa","Upper East Side",ChIJ98cRMOpZwokRV_psp8ZWEpY,
NEW,"Ocean Healing Spa","208 E 82nd St, New York, NY 10028, USA",4.5,97,"Day Spa","Upper East Side",ChIJ2bdznr5YwokRntjSo_-1L34,
NEW,"Spa Valmont at the Carlyle","35 E 76th St 3rd Floor, New York, NY 10021, USA",4.6,43,"Day Spa","Upper East Side",ChIJo2upiu5YwokRtIrt84oT3Ps,
NEW,"Amenity Spa 85","240 E 85th St, New York, NY 10028, USA",4.1,172,"Day Spa","Upper East Side",ChIJueOxW75ZwokRLBZGUfTYjA4,
NEW,"Equinox East 63rd Street","817 Lexington Ave, New York, NY 10065, USA",3.3,174,"Gym Sauna","Upper East Side",ChIJwcHHOu9YwokR73xxYxVZlF4,
NEW,"Crunch Fitness - 81st Street","1438 3rd Ave, New York, NY 10028, USA",3.4,364,"Gym Sauna","Upper East Side",ChIJNbrTgb5YwokRv5cVKR3a2nQ,
NEW,"Equinox East 61st Street","330 E 61st St, New York, NY 10065, USA",3.5,175,"Gym Sauna","Upper East Side",ChIJ1U2aLeZYwokRxteduHVRwK8,
NEW,"Equinox East 74th Street","1429 2nd Ave, New York, NY 10021, USA",3.3,116,"Gym Sauna","Upper East Side",ChIJLfGMb8BYwokRuRgJ274zXas,
NEW,"92NY May Center for Health, Fitness & Sport","1395 Lexington Ave, New York, NY 10128, USA",4.3,164,"Gym Sauna","Upper East Side",ChIJbQ4shqRYwokRlMNaz-_v4IM,
NEW,"Fitness Lounge","1695 1st Ave, New York, NY 10128, USA",5,11,"Gym Sauna","Upper East Side",ChIJFbPHfc1ZwokRCjeNONp_CgI,
NEW,"Equinox East 92nd Street","203 E 92nd St, New York, NY 10128, USA",3.8,153,"Gym Sauna","Upper East Side",ChIJsXNTk6RYwokRRadk2R0KgPk,
NEW,"Workshoppe Fitness","1120 3rd Ave, New York, NY 10065, USA",5,30,"Gym Sauna","Upper East Side",ChIJzzurcABZwokRr9Bd13tlfCU,
NEW,"New York Sports Club","349 E 76th St, New York, NY 10021, USA",3.8,614,"Gym Sauna","Upper East Side",ChIJ70vDn8BYwokR4HmfR6-HBOg,
NEW,"E by Equinox Madison Avenue","30 E 85th St, New York, NY 10028, USA",3.5,34,"Gym Sauna","Upper East Side",ChIJN89NUutZwokRRPv51aySx1A,
NEW,"Equinox East 85th Street","203 E 85th St, New York, NY 10028, USA",3.5,99,"Gym Sauna","Upper East Side",ChIJ4c7Rf7xYwokRrcnqR1R27hA,
NEW,"Synergy Fitness Clubs","1781 2nd Ave, New York, NY 10128, USA",4.6,542,"Gym Sauna","Upper East Side",ChIJozrBd6VYwokROEO_Ill3O4A,
NEW,"Crunch Fitness - 66th Street","1131 3rd Ave, New York, NY 10065, USA",3.9,206,"Gym Sauna","Upper East Side",ChIJian9c-lYwokRgHlCvlHb6sU,
NEW,"New York Sports Club","1637 3rd Ave, New York, NY 10128, USA",4,850,"Gym Sauna","Upper East Side",ChIJWeyu-aRYwokRIT7F3EekazM,
NEW,"Restore Hyper Wellness","2148C Broadway, New York, NY 10023, USA",4.9,346,"Day Spa","Upper West Side",ChIJn-GJLwxZwokRO-ANfdQWaW0,
NEW,"Upper West Spa","189 A Amsterdam Ave, New York, NY 10023, USA",5,157,"Day Spa","Upper West Side",ChIJq8SBjDBZwokRMmbxf2h3pW4,
NEW,"MT see you tomorrow spa","200 W 106th St, New York, NY 10025, USA",5,4,"Day Spa","Upper West Side",ChIJee2hlLL3wokRUyCbXRWoweA,
NEW,"Peaceful Body Spa","149 W 72nd St 2 fl, New York, NY 10023, USA",4.1,242,"Day Spa","Upper West Side",ChIJ32F8PQ5ZwokRY4Gg5g1mdB8,
NEW,"The Spa at Equinox West 76th Street","344 Amsterdam Ave, New York, NY 10024, USA",1,1,"Gym Sauna","Upper West Side",ChIJFdwr5MFZwokRdvXCoNQhotg,
NEW,"The Spa at Equinox West 92nd Street","2465 Broadway, New York, NY 10025, USA",,,"Gym Sauna","Upper West Side",ChIJc7qhQ-NZwokRw2cyxCSJqlE,
NEW,"Upper West Side Massage - Hua Kang Best Qi Gong Tui-Na","164 W 80th St, New York, NY 10024, USA",4.6,228,"","Upper West Side",ChIJv4eXnIlYwokRrBX6_XBtJQ8,
NEW,"Equinox West 92nd Street","2465 Broadway, New York, NY 10025, USA",4,226,"Gym Sauna","Upper West Side",ChIJ_y4HX4JYwokRs5khP5kkzNQ,
NEW,"All Seasons body work massage","216 W 79th St, New York, NY 10024, USA",4.3,155,"","Upper West Side",ChIJyze_Up1ZwokRwYCLXDRXsuY,
NEW,"Crunch Fitness - 83rd Street","162 W 83rd St, New York, NY 10024, USA",3.9,400,"Gym Sauna","Upper West Side",ChIJJyZtx4VYwokR1GWWzcXUCzo,
NEW,"Equinox Sports Club New York","160 Columbus Ave, New York, NY 10023, USA",3.4,260,"Gym Sauna","Upper West Side",ChIJr62bNPVYwokRrjUjALpFNcs,
NEW,"Equinox West 76th Street","344 Amsterdam Ave, New York, NY 10024, USA",3.2,123,"Gym Sauna","Upper West Side",ChIJQS2FA4lYwokRZN6dulsD25s,
NEW,"Skin Spa New York - Upper West Side","150 Amsterdam Ave, New York, NY 10023, USA",4.6,190,"Day Spa","Upper West Side",ChIJ3ZpCVzVZwokR3QstQqpzBwE,
NEW,"SK1NYC SPA","850 7th Ave #405, New York, NY 10019, USA",4,4,"Day Spa","Hell's Kitchen",ChIJEekmPXJZwokRYLURCBqn-Ac,
NEW,"The Trump Spa","1 Central Prk W, New York, NY 10023, USA",4.3,21,"Day Spa","Upper West Side",ChIJh5JzbfZYwokRozLr_avmN7U,
NEW,"Kang Hua Massage Spa","228 W 75th St, New York, NY 10023, USA",4.9,242,"Day Spa","Upper West Side",ChIJ78QR5b1ZwokRv9tSWo-fzfE,
NEW,"Melt Feathers Spa - UWS, Upper West Side Professional Massage","243 W 99th St, New York, NY 10025, USA",4.7,129,"Day Spa","Upper West Side",ChIJ5cnDg3X3wokRWCZxoZgcDP4,
NEW,"Huakang Massage Spa","405 Central Prk W, New York, NY 10025, USA",4.8,122,"Day Spa","Upper West Side",ChIJe7_uKrj3wokRZKCbLs0M0bw,
NEW,"NY Renewing Spa 2","677 Amsterdam Ave, New York, NY 10025, USA",4.6,349,"Day Spa","Upper West Side",ChIJw1YXuX9ZwokRDWDsvb97moo,
NEW,"Spa Massage Broadway","2271 Broadway, New York, NY 10024, USA",4.4,323,"Day Spa","Upper West Side",ChIJgcsTFgJZwokRZcgdjZ30S5E,
NEW,"New York Sports Club","2527 Broadway, New York, NY 10025, USA",3.7,752,"Gym Sauna","Upper West Side",ChIJI3iWPCj2wokRTDN2Nrj29Is,
NEW,"Equinox Columbus Circle","10 Columbus Cir, New York, NY 10019, USA",3.5,264,"Gym Sauna","Hell's Kitchen",ChIJMRtanfBYwokRr5YE_1LUuNY,
NEW,"Athletic and Swim Club","787 7th Ave, New York, NY 10019, USA",4.4,76,"Gym Sauna","Hell's Kitchen",ChIJk33q7PhYwokRiB2UXOik8hA,
NEW,"New York Sports Club","23 W 73rd St, New York, NY 10023, USA",3.7,441,"Gym Sauna","Upper West Side",ChIJX3nicoxYwokR_krlU3ht9J4,
NEW,"Top of the One Club & Spa","1 Lincoln Plaza, New York, NY 10023, USA",5,2,"Gym Sauna","Upper West Side",ChIJj0qws_VYwokRC3hoHGrvTLg,
NEW,"X 93 Fitness","673 Amsterdam Ave, New York, NY 10025, USA",5,63,"Gym Sauna","Upper West Side",ChIJeUtatoJYwokR-8ZeaZJXhTM,
NEW,"BeFitNYC","2681 Broadway, New York, NY 10025, USA",4.6,80,"Gym Sauna","Upper West Side",ChIJR54f-CT2wokRGcNjkDL4SZQ,
NEW,"Elysium Fitness","117 W 72nd St #2, New York, NY 10023, USA",4.7,10,"Gym Sauna","Upper West Side",ChIJuXk4uItYwokRp1jaabjkOmg,
NEW,"Strength Society NYC","237 W 105th St, New York, NY 10025, USA",4.9,61,"Gym Sauna","Upper West Side",ChIJqzIUi8j3wokRC-XpHCOsdI0,
NEW,"Momentum Fitness","246 Columbus Ave, New York, NY 10023, USA",4.8,33,"Gym Sauna","Upper West Side",ChIJG1SprohYwokRpZojlee7E_A,
NEW,"Grassroots Fitness Project","371 Amsterdam Ave, New York, NY 10024, USA",5,115,"Gym Sauna","Upper West Side",ChIJT94mVI9YwokR7OV0aAZjHUw,
NEW,"The Spa at Equinox Orchard Street","200 Orchard St, New York, NY 10002, USA",,,"Gym Sauna","Lower East Side",ChIJIQXNi-xZwokRczusidioVys,
NEW,"Grand Street Spa.Inc","331 Grand St, New York, NY 10002, USA",3.5,10,"Day Spa","Lower East Side",ChIJmfO7f2VZwokRZerMNOlht5U,
NEW,"79 SPA","79 Madison St, New York, NY 10002, USA",4.8,8,"Day Spa","Lower East Side",ChIJb5B36EZbwokRyWnhGnGjLUc,
NEW,"Taiji Energy Spa","49 Delancey St, New York, NY 10002, USA",4.7,101,"Day Spa","Lower East Side",ChIJry9-B7VZwokRwxE31rXB-nU,
NEW,"Top-Class Spa","84 Bowery #2f, New York, NY 10013, USA",4.8,166,"Day Spa","Tribeca",ChIJVytUl2xbwokReAHPoK5meQQ,
NEW,"720 Strength Lower East Side","36 Ludlow St, New York, NY 10002, USA",5,77,"Gym Sauna","Lower East Side",ChIJl65GINlbwokRPCIXPWT0VB4,
NEW,"Chinatown YMCA","273 Bowery, New York, NY 10002, USA",3.9,86,"Gym Sauna","Lower East Side",ChIJPbDOr4VZwokRKzsaTVnRvFs,
NEW,"VITAL Climbing Gym - Lower East Side","182 Broome St, New York, NY 10002, USA",4.4,124,"Gym Sauna","Lower East Side",ChIJR062VItZwokRt-Z87zug0D0,
NEW,"F45 Training Lower East Side","100 Delancey St 2nd Floor, New York, NY 10002, USA",4.9,139,"Gym Sauna","Lower East Side",ChIJLdnNR95ZwokROZNkeMpviqE,
NEW,"MCC Fitness","197 E Broadway, New York, NY 10002, USA",4.7,15,"Gym Sauna","Lower East Side",ChIJg1WwVrpbwokRm2eY1--nrV4,
NEW,"Fitness Factory Health Club Harlem","370 W 125th St, New York, NY 10027, USA",4.6,28,"Gym Sauna","Harlem",ChIJx0vs4xX3wokRVS8gbJt_5xY,
NEW,"Paradise Spa & Sauna","100 Linwood Plaza, Fort Lee, NJ 07024, USA",3.7,278,"Boutique Sauna","",ChIJVeNz4Nz2wokRfwRz65cHm00,
NEW,"Spa Boutique 2 Go","69 E 130th St, New York, NY 10037, USA",4.9,233,"Day Spa","Harlem",ChIJG23RQHX2wokRmqvTHly9IxA,
NEW,"Harlem YMCA","180 W 135th St, New York, NY 10030, USA",3.8,191,"Gym Sauna","Harlem",ChIJyf_MQHH2wokRL7_YjdVKc78,
NEW,"Four Seasons Spa | Day spa, Sauna Couples massage Fort Lee NJ","2025 Lemoine Ave 4th floor, Fort Lee, NJ 07024, USA",4.5,55,"Boutique Sauna","",ChIJmyhnyC73wokRBn6MbGMVxH0,
NEW,"Muse Spa and Salon","2368 Adam Clayton Powell Jr Blvd, New York, NY 10030, USA",4.2,22,"Day Spa","Harlem",ChIJlfWB6Nv3wokRapVQ0Sunbkc,
NEW,"LushBeauty MedSpa","2046 Adam Clayton Powell Jr Blvd, New York, NY 10027, USA",4.9,91,"","Harlem",ChIJZZz1BSP3wokR0El04j31_zc,
NEW,"Serenity Self Care NYC","561 W 152nd St 2nd floor, New York, NY 10031, USA",4.7,29,"","Harlem",ChIJzfbrvHz3wokRUYWQ_g-ql30,
NEW,"New York Sports Club","303 W 145th St, New York, NY 10039, USA",3.9,892,"Gym Sauna","Harlem",ChIJW5bj9nv2wokRiqTN_zvu-kw,
NEW,"Dodge Physical Fitness Center","3030 Broadway, New York, NY 10027, USA",3.1,305,"Gym Sauna","Harlem",ChIJ85k8nz_2wokR86CNnPHmBGA,
NEW,"PureGym - Formerly Blink Fitness","301 W 125th St, New York, NY 10027, USA",3.9,598,"Gym Sauna","Harlem",ChIJ8WZXxWz2wokRKT-MlaYMObQ,
NEW,"New York Sports Club","2311 Frederick Douglass Blvd, New York, NY 10027, USA",3.6,477,"Gym Sauna","Harlem",ChIJb5p6MRP2wokR4nQvWgRky_4,
NEW,"Planet Fitness","208 W 125th St, New York, NY 10027, USA",4,1256,"Gym Sauna","Harlem",ChIJh3bFKA32wokRXnT1evv1nRk,
NEW,"re-Creation Fitness + Recovery","1844 Adam Clayton Powell Jr Blvd, New York, NY 10026, USA",4.9,29,"Gym Sauna","Harlem",ChIJYxUz6V_3wokREehZymSosUY,
NEW,"JDI Barbell Harlem","1767 Park Ave, New York, NY 10035, USA",4.8,141,"Gym Sauna","Harlem",ChIJSTCw2tdYwokRbAmQ0DjO_YY,
NEW,"Uptown Strength NYC","754B St Nicholas Ave, New York, NY 10031, USA",4.9,19,"Gym Sauna","Harlem",ChIJa_vnXgD3wokRp99i9RPXONE,
NEW,"PureGym - Formerly Blink Fitness","27 W 116th St, New York, NY 10026, USA",3.7,630,"Gym Sauna","Harlem",ChIJ0VvqJxD2wokRDxm7dJGPRc8,
NEW,"Harlem Kettlebell Club","1775 Madison Ave, New York, NY 10035, USA",5,109,"Gym Sauna","Harlem",ChIJrbwanBb3wokRM6feK4kA1K8,
NEW,"HARLEM CYCLE","2350 Adam Clayton Powell Jr Blvd, New York, NY 10030, USA",4.9,389,"Gym Sauna","Harlem",ChIJESyix3D2wokR9ZTb6ZQC2WI,
NEW,"My Gym Children's Fitness Center Harlem","258 St Nicholas Ave, New York, NY 10027, USA",4.7,134,"Gym Sauna","Harlem",ChIJ9866RRP2wokRZGefYBtQaAI,
NEW,"Oasis Day Spa","1 Park Ave, New York, NY 10016, USA",4.5,455,"Day Spa","Midtown",ChIJA_ke6gdZwokRdk3AmAFCoOQ,
NEW,"The Spa at Equinox Flatiron","897 Broadway, New York, NY 10003, USA",5,1,"Gym Sauna","East Village",ChIJvTxWGnVZwokRXnhpKcjtd2U,
NEW,"The House of Cryo","1115 Broadway Suite 1049, New York, NY 10010, USA",5,11,"","Flatiron",ChIJzQvuqxxZwokRmD-jWqZo58I,
NEW,"The Spa at Equinox NoMad","31 W 27th St, New York, NY 10001, USA",5,2,"Gym Sauna","Chelsea",ChIJ69Fq7sRZwokR8Z9iqAFXMX0,
NEW,"The Ritz-Carlton Spa New York, NoMad","25 W 28th St, New York, NY 10001, USA",4.4,39,"Day Spa","Chelsea",ChIJodCMyb5ZwokR2MMYelRFQP8,
NEW,"New York Sports Club","113 E 23rd St, New York, NY 10010, USA",4.4,849,"Gym Sauna","Flatiron",ChIJFQVz16BZwokRdncqq8qhXV8,
NEW,"Iron Oasis East","321 E 22nd St, New York, NY 10010, USA",5,9,"Gym Sauna","Flatiron",ChIJ88YhbABZwokR5iKjJ9sIIz4,
NEW,"Flatiron Athletic (FLA) by The Athletic Clubs","30 W 18th St, New York, NY 10011, USA",5,19,"Gym Sauna","Chelsea",ChIJzeJtuWNZwokREHXo9W3IdO0,
NEW,"Equinox Gramercy","315 Park Ave S, New York, NY 10010, USA",3.9,101,"Gym Sauna","Flatiron",ChIJp6eP1KBZwokR8NJdXPnYvMs,
NEW,"Iconoclast Fitness","210 5th Ave 5th Floor, New York, NY 10010, USA",5,53,"Gym Sauna","Flatiron",ChIJnfChkvFZwokRqHVwqrjVcHY,
NEW,"Equinox NoMad","31 W 27th St, New York, NY 10001, USA",4.2,109,"Gym Sauna","Chelsea",ChIJHxz1495ZwokRpzTqpcJW3pw,
NEW,"Fitness Club At 11 Ave","11 Madison Ave, New York, NY 10010, USA",5,1,"Gym Sauna","Flatiron",ChIJEWbXz6ZZwokRqlJxiNH1X6s,
NEW,"Iron Oasis","261 W 35th St, New York, NY 10001, USA",4.9,92,"Gym Sauna","Chelsea",ChIJ1drObERZwokRfeaB1icYcTU,
NEW,"Restore Hyper Wellness","225 Flatbush Ave, Brooklyn, NY 11217, USA",4.7,204,"Day Spa","Brooklyn",ChIJaw53nw1bwokRV8kffBcZC1s,
NEW,"Tang's Spa","434 5th Ave, Brooklyn, NY 11215, USA",4.6,80,"Day Spa","Brooklyn",ChIJhxJrullbwokR5xvaZTvTFMI,
NEW,"Red Moon Wellness","405 5th Ave 2nd floor, Brooklyn, NY 11215, USA",4.8,359,"Day Spa","Brooklyn",ChIJy5LLmKpbwokRFg3SwTmZRMk,
NEW,"5th street wellness spa","339 5th St, Brooklyn, NY 11215, USA",4.5,2,"Day Spa","Brooklyn",ChIJPQeCIwBbwokRL2laB6jMJvE,
NEW,"Flow Day Spa","198 Flatbush Ave, Brooklyn, NY 11217, USA",4.8,952,"Day Spa","Brooklyn",ChIJofGZKP1bwokRl8pqvz83-dc,
NEW,"No.2 SPA","139 7th Ave, Brooklyn, NY 11215, USA",4.9,107,"Day Spa","Brooklyn",ChIJ_YOMmkNbwokRc_F1DfbjNWg,
NEW,"Brooklyn N Wellness - 7th Avenue","442 9th St, Brooklyn, NY 11215, USA",4.4,172,"Day Spa","Brooklyn",ChIJa7c7lpJbwokRlljFf5ezR-Q,
NEW,"DELISSE SPA Brooklyn","3611 14th Ave, Brooklyn, NY 11218, USA",4.9,18,"Day Spa","Brooklyn",ChIJUVH0ftlbwokRIwVrmGJx_24,
NEW,"New body spa","325 7th St, Brooklyn, NY 11215, USA",4.6,81,"Day Spa","Brooklyn",ChIJZ0iHzv1awokRVmlYRcFN4qQ,
NEW,"167 Lincoln Place Spa","167 Lincoln Pl, Brooklyn, NY 11217, USA",4.7,160,"Day Spa","Brooklyn",ChIJJ39Ty6lbwokR7gMI0Y_fZf4,
NEW,"Retro Fitness","25 12th St, Brooklyn, NY 11215, USA",4,329,"Gym Sauna","Brooklyn",ChIJLag4wvBawokR3TcqsXjO_qQ,
NEW,"SWEAT440 Fitness Park Slope","357 Flatbush Ave, Brooklyn, NY 11238, USA",5,13,"Gym Sauna","Brooklyn",ChIJGyWiSEhbwokRg851qnfyriI,
NEW,"Gowanus Fitness","310 Butler St, Brooklyn, NY 11217, USA",5,270,"Gym Sauna","Brooklyn",ChIJFbdnyDJbwokRl6pkePg6Zn4,
NEW,"5th Ave Fitness","688 Union St, Brooklyn, NY 11215, USA",4.9,33,"Gym Sauna","Brooklyn",ChIJqQTknK5bwokRaWGLUV83Zao,
NEW,"Speakeasy of Strength","591 3rd Avenue Entrance on 16th, Brooklyn, NY 11215, USA",5,124,"Gym Sauna","Brooklyn",ChIJC9MroWlbwokRzQzZeHNIlOI,
NEW,"Crunch Fitness - South Slope","555 5th Ave, Brooklyn, NY 11215, USA",4,183,"Gym Sauna","Brooklyn",ChIJuULEn-RawokRkf7CIzQbWec,
NEW,"PureGym - Formerly Blink Fitness","227 4th Ave, Brooklyn, NY 11215, USA",3.8,443,"Gym Sauna","Brooklyn",ChIJ5b3ETFVawokRh6SVD-RZlvo,
NEW,"Spa Palace","801 Manhattan Ave, Brooklyn, NY 11222, USA",4.5,281,"Day Spa","Manhattan",ChIJ-QodD7lZwokRGpu_tW7D_Gw,
NEW,"Green Point Spa","178 L Nassau Ave, Brooklyn, NY 11222, USA",5,167,"Day Spa","Brooklyn",ChIJb8dgCrJZwokR909TinAbwuM,
NEW,"Serenity Beauty Spa","119 Greenpoint Ave, Brooklyn, NY 11222, USA",4.9,67,"Day Spa","Brooklyn",ChIJH2PMVV5ZwokREcNaskVNEE0,
NEW,"Yonghang Spa","235 Driggs Ave, Brooklyn, NY 11222, USA",4.8,64,"Day Spa","Brooklyn",ChIJ4-9LfaxZwokRvZMQnQFKBr4,
NEW,"Grace Spa","582 Leonard St, Brooklyn, NY 11222, USA",4.9,58,"Day Spa","Brooklyn",ChIJWSoRyUVZwokR6ZxWyKWTGHs,
NEW,"158 Sunbeam Spa","202 Greenpoint Ave, Brooklyn, NY 11222, USA",3.4,5,"Day Spa","Brooklyn",ChIJuWjOa0RZwokR6_oJZrolF-Q,
NEW,"The Y Gym","99 Meserole Ave, Brooklyn, NY 11222, USA",4.8,14,"Gym Sauna","Brooklyn",ChIJFztDAVtZwokRyTZUoT_amr8,
NEW,"Greenpoint YMCA","99 Meserole Ave, Brooklyn, NY 11222, USA",3.3,133,"Gym Sauna","Brooklyn",ChIJPS1AsUZZwokRFHEpeXIDM18,
NEW,"Crunch Fitness - Greenpoint","825 Manhattan Ave, Brooklyn, NY 11222, USA",3.4,488,"Gym Sauna","Manhattan",ChIJpxkLLEFZwokRaqPGc4_YsMU,
NEW,"Vibe Fitness Long Island City","10-04 Borden Ave, Long Island City, NY 11101, USA",4.5,57,"Gym Sauna","Long Island City",ChIJOR4VVgBZwokRrJH4I0N0_tA,
NEW,"Fit Club Greenpoint","220 Newel St, Brooklyn, NY 11222, USA",5,1,"Gym Sauna","Brooklyn",ChIJ1Zj--chZwokRD1i0JpAo8_I,
NEW,"Cosmic Fit Club","669 Meeker Ave Suite #1f, Brooklyn, NY 11222, USA",5,63,"Gym Sauna","Brooklyn",ChIJgexqRihZwokRaupvdyfANNw,
NEW,"L'azure Spa, Brooklyn, NY","922 Greene Ave Ground Floor, Brooklyn, NY 11221, USA",5,18,"Day Spa","Brooklyn",ChIJa7vM7XlZwokRPKH8DsKBgx4,
NEW,"Your Health Success","724 Myrtle Ave, Brooklyn, NY 11205, USA",4.8,228,"","Brooklyn",ChIJWdv_gwhbwokRhQmzKKjolhY,
NEW,"S&S Strength Bushwick","40 Ditmars St, Brooklyn, NY 11221, USA",4.7,56,"Gym Sauna","Brooklyn",ChIJTQLo0_JdwokRtgOkMxvoxRw,
NEW,"Steam Lounge & Spa LLC","548 Schenck Ave, Brooklyn, NY 11207, USA",5,48,"Day Spa","Brooklyn",ChIJLfqZjWJdwokRanl3Yb7pf68,
NEW,"LRVING SPA","329 Irving Ave, Brooklyn, NY 11237, USA",4.8,8,"Day Spa","Brooklyn",ChIJvWKKhk5dwokRuKTXxY0LvQo,
NEW,"FASHION SPA","1129 Myrtle Ave, Brooklyn, NY 11206, USA",4.8,10,"Day Spa","Brooklyn",ChIJuwAUmzJbwokR0LLEh2K4aWI,
NEW,"Lizbeth Stetic Spa","1597 Gates Ave, Brooklyn, NY 11237, USA",5,18,"Day Spa","Brooklyn",ChIJFRiXhixdwokRMJlXbV6KF44,
NEW,"Metamorphoses Fitness","232 Varet St, Brooklyn, NY 11206, USA",5,8,"Gym Sauna","Brooklyn",ChIJi6OODCFdwokRAOEJeaMKg6c,
NEW,"Evolve Health & Fitness","16-61 Weirfield St, Ridgewood, NY 11385, USA",3.9,200,"Gym Sauna","",ChIJG4un6-5dwokRtks0Bw3KihM,
NEW,"Green Fitness Studio NYC","232 Varet St, Brooklyn, NY 11206, USA",3.9,101,"Gym Sauna","Brooklyn",ChIJQUuyzABcwokRkh5tmWMzz2s,
NEW,"PureGym - Formerly Blink Fitness","892 Broadway, Brooklyn, NY 11206, USA",3,211,"Gym Sauna","Brooklyn",ChIJg94MErJbwokR8owJ42VyMqk,
NEW,"Absolute Power Fitness","49 Wyckoff Ave, Brooklyn, NY 11237, USA",4.8,148,"Gym Sauna","Brooklyn",ChIJWQFKbuxdwokRJQLp6YwIwhw,
NEW,"PureGym - Formerly Blink Fitness","399 Knickerbocker Ave, Brooklyn, NY 11237, USA",3.5,530,"Gym Sauna","Brooklyn",ChIJgZLluxtcwokRO6aWBHMrR9o,
NEW,"PureGym Gates Avenue","1002 Gates Ave, Brooklyn, NY 11221, USA",3.8,609,"Gym Sauna","Brooklyn",ChIJuUwCjxJcwokR0wBpMm_vOug,
NEW,"Planet Fitness","777 Broadway, Brooklyn, NY 11206, USA",4.1,1114,"Gym Sauna","Brooklyn",ChIJ9aKz6PlbwokRtYFoLlBeYKg,
NEW,"BK Fit Studios - Bushwick","1000 Broadway, Brooklyn, NY 11221, USA",4.1,66,"Gym Sauna","Brooklyn",ChIJBe8WiTFdwokRs2zJNXtclRw,
NEW,"Planet Fitness","3-29 Wyckoff Ave, Ridgewood, NY 11385, USA",3.8,1006,"Gym Sauna","",ChIJ426LFyJcwokRKTzotRpo3P8,
NEW,"Verze Spa","32-07 31st Ave, Astoria, NY 11106, USA",4.8,62,"Day Spa","Astoria",ChIJ-YwlaCVfwokRxqUS7rwIi_4,
NEW,"Recovery Mode","30-29 Steinway St, Astoria, NY 11103, USA",5,157,"Wellness Center","Astoria",ChIJlUqvdn9fwokRvgbQi6uP42U,
NEW,"Forte Lab","38-05 20th Ave, Astoria, NY 11105, USA",5,189,"Gym Sauna","Astoria",ChIJraJoFGlfwokRYNTiTO-3MVE,
NEW,"New York Sports Club","38-11 30th Ave., Queens, NY 11103, USA",3.8,1050,"Gym Sauna","Astoria",ChIJ9bODnj9fwokRH_jv4Vc-rRM,
NEW,"Matrix Fitness Club","43-60 Ditmars Blvd, Astoria, NY 11105, USA",4.6,674,"Gym Sauna","Astoria",ChIJ57Qzu15fwokRIZhFEPgpN4U,
NEW,"Spa Zone","32-12 Broadway, Astoria, NY 11106, USA",4.1,158,"Day Spa","Astoria",ChIJHSOFDXRfwokRjlo7F91VpxU,
NEW,"Bana Spa","35-01 30th Ave. #201, Astoria, NY 11103, USA",3.7,41,"Day Spa","Astoria",ChIJ20eHGa9fwokRs0UG-IARIIg,
NEW,"Rock Fitness","22-06 31st St, Astoria, NY 11105, USA",4.6,1224,"Gym Sauna","Astoria",ChIJxW2262dfwokR4yGDfIwPzVg,
NEW,"Green Aura Spa","34-09 Steinway St, Queens, NY 11101, USA",4.8,113,"Day Spa","Long Island City",ChIJ7dqspARfwokR9-B4FvSsGGs,
NEW,"Club Fitness New York","31-11 Broadway, Astoria, NY 11106, USA",4,461,"Gym Sauna","Astoria",ChIJnVMYVzdfwokRIC-ul_G8kNo,
NEW,"Rain Spa","23-27 Astoria Blvd #1fl, Astoria, NY 11102, USA",3.5,6,"Day Spa","Astoria",ChIJEbtwiWlfwokRln0F4tROwkw,
NEW,"Blue Lagoon Holistic Med Spa","30-27 Steinway St, Long Island City, NY 11103, USA",4.9,139,"Day Spa","Long Island City",ChIJ3cogQZFfwokR5TeDSIgGtIc,
NEW,"House of Wellness","31-21 31st St 4th floor, Astoria, NY 11106, USA",4.9,362,"Day Spa","Astoria",ChIJW7t-8bFfwokRcnDsU9-yGYc,
NEW,"Recharge Yourself Spa","30-27 Steinway St, Astoria, NY 11103, USA",2,3,"Day Spa","Astoria",ChIJ85mLqT9fwokR-HrPgLPfYfQ,
NEW,"Jinkang Spa","30-16 Steinway St 1st Fl, Astoria, NY 11103, USA",5,180,"Day Spa","Astoria",ChIJgxaPT4JfwokRSMCxLdm-kdg,
NEW,"All Seasons Body Work","31-80 Steinway St, Astoria, NY 11103, USA",4.7,422,"","Astoria",ChIJc3klx09fwokRUSykKcBARK8,
NEW,"Song Body Spa","32-78 Steinway St Storefront, Astoria, NY 11103, USA",5,10,"Day Spa","Astoria",ChIJ47hySCZfwokRNiR0hdnFPvI,
NEW,"Diamond spa Asian Massage | Astoria NY","36-20 30th Ave., Astoria, NY 11103, USA",4.1,19,"Day Spa","Astoria",ChIJ55T8h45fwokRVmSDSgNQ3P4,
NEW,"Peoples Wellness","14-33 31st Ave, Astoria, NY 11106, USA",5,78,"Day Spa","Astoria",ChIJRUop4MVfwokRhb1dMX9c78s,
NEW,"Happy Spa","32-49 Steinway St, Astoria, NY 11103, USA",4.7,351,"Day Spa","Astoria",ChIJL1tAdTtfwokRsG9_kxCpDag,
NEW,"NinjaBear NYC","35-52 32nd St, Astoria, NY 11106, USA",4.8,34,"Gym Sauna","Astoria",ChIJvwB4KFdfwokRUoKlQvyWvPY,
NEW,"Retro Fitness","32-32 49th St, Queens, NY 11103, USA",3.9,496,"Gym Sauna","Astoria",ChIJFV2aqyJfwokRlxDjHT0Sa7Q,
NEW,"Fitness Lounge","25-79 31st St, Long Island City, NY 11102, USA",4.9,57,"Gym Sauna","Long Island City",ChIJzRZrRi1fwokRcyN6Xrp0e3E,
NEW,"Synergy Fitness Clubs","23-35 Broadway, Astoria, NY 11106, USA",4.3,564,"Gym Sauna","Astoria",ChIJi7hfkDZfwokR8OrMLVP-nJg,
NEW,"Planet Fitness","30-33 Steinway St, Astoria, NY 11103, USA",3.9,1163,"Gym Sauna","Astoria",ChIJdUvVrEZfwokRCojipW7ErxQ,
NEW,"Fitness Lounge","30-77 Steinway St, Astoria, NY 11103, USA",4.9,71,"Gym Sauna","Astoria",ChIJT2ylo6NfwokRsjtO5orirxk,
NEW,"PureGym - Formerly Blink Fitness","32-27 Steinway St, Astoria, NY 11103, USA",3.6,657,"Gym Sauna","Astoria",ChIJmwjidjtfwokRVTxWx69TM_s,
NEW,"Era Gym","28-18 Steinway St, Astoria, NY 11103, USA",5,52,"Gym Sauna","Astoria",ChIJZV4XIGxfwokRd0FqXGSiqwM,
NEW,"Powerhouse Gym Long Island City","30-30 Northern Blvd, Long Island City, NY 11101, USA",4.7,393,"Gym Sauna","Long Island City",ChIJVVWVBStfwokRqvbTtK59WCo,
NEW,"FORM50 Fitness Astoria","31-57 31st St, Astoria, NY 11106, USA",4.9,432,"Gym Sauna","Astoria",ChIJsTThcw1fwokRD6UJH8qnPO0,
NEW,"Astoria Barbell Club","36-56 38th St 2nd floor, Astoria, NY 11101, USA",5,36,"Gym Sauna","Astoria",ChIJ7eM54y5fwokRvj-VSL6q5EE,
NEW,"New York Sports Club","39-01 Queens Blvd, Queens, NY 11104, USA",3.1,363,"Gym Sauna","Queens",ChIJO4q5C9dewokRyeKIMMnXj2U,
NEW,"Just You Spa","28-07 Jackson Ave 9th Floor, Long Island City, NY 11101, USA",4.8,19,"Day Spa","Long Island City",ChIJDfiaQy1ZwokRJj2Umr5TjvY,
NEW,"LIVE Hydration Spa Long Island City","46-05 Vernon Blvd, Long Island City, NY 11101, USA",5,115,"Day Spa","Long Island City",ChIJ19gmrKdZwokRqgfIsXYo8kQ,
NEW,"Kata Spa & Wellness","47-46 Vernon Blvd, Long Island City, NY 11101, USA",4.4,100,"Day Spa","Long Island City",ChIJ3dbBiCNZwokRPFJb4fyUBlw,
NEW,"Kontra Baths","216 Glen Cove Rd, Carle Place, NY 11514, USA",5,64,"","",ChIJjV0z42KHwokRuqPcQXdUIWQ,
NEW,"Sunny Spa","10-63 Jackson Ave, Long Island City, NY 11101, USA",4,116,"Day Spa","Long Island City",ChIJdZqLHvVZwokRHOqUMbPHWhM,
NEW,"Pandora Spa","23-08 Jackson Ave, Long Island City, NY 11101, USA",4.7,53,"Day Spa","Long Island City",ChIJpww8X_JZwokRhKqvgAQMaPE,
NEW,"Long Island City YMCA","32-23 Queens Blvd, Long Island City, NY 11101, USA",3.5,295,"Gym Sauna","Long Island City",ChIJn_wkUNRewokRaonYIT_VYv0,
NEW,"Dekhana Wellness Inc. (Formerly Wellness Within)","27-05 41st Ave, Long Island City, NY 11101, USA",4.9,255,"Gym Sauna","Long Island City",ChIJl15ux89ZwokRtjP4x86W6g4,
NEW,"The Trinity NYC","44-02 11th St Suite 510, Long Island City, NY 11101, USA",5,171,"Gym Sauna","Long Island City",ChIJ1XPYv6xZwokR6DeVWaZZbGo,
NEW,"Very Good Gym LIC","10-14 47th Rd, Long Island City, NY 11101, USA",4.9,40,"Gym Sauna","Long Island City",ChIJPfQIf_JZwokRmI6LVTZVA3U,
NEW,"Outdoor Gym","Hunters Point, Queens, NY 11101, USA",4.7,3,"Gym Sauna","Long Island City",ChIJh_RiuLJZwokRRJ6xnRNCAHs,
NEW,"Planet Fitness","29-22 Northern Blvd, Long Island City, NY 11101, USA",4.2,697,"Gym Sauna","Long Island City",ChIJ3282N5FZwokRVjPUyp3EDFc,
NEW,"Strength City","46-01 5th St 2nd Floor, Long Island City, NY 11101, USA",5,25,"Gym Sauna","Long Island City",ChIJsUhbuy1ZwokRbJ9Da_jIhyM,
NEW,"Sportspark Athletic Complex","250 Main St, New York, NY 10044, USA",4.4,180,"Gym Sauna","",ChIJd9AmI9xYwokRKN9QGb7-7co,
NEW,"Movement LIC","11-11 44th Dr, Long Island City, NY 11101, USA",4.7,1621,"Gym Sauna","Long Island City",ChIJxe0RxCdZwokRK3vM_8IU7Vk,
NEW,"F45 Training Long Island City","22-18 Jackson Ave, Long Island City, NY 11101, USA",4.8,43,"Gym Sauna","Long Island City",ChIJyYT-14xZwokRucaf3R_O5n0,
NEW,"HK Men Spa","359 W 52nd St 1st Floor, New York, NY 10019, USA",4.4,71,"Day Spa","Hell's Kitchen",ChIJB9ruEVlZwokRNATAgx8-5I0,
NEW,"Four Seasons Beauty Spa","694 9th Ave, New York, NY 10036, USA",4.9,88,"Day Spa","Midtown",ChIJ-3zt2-JZwokR2AXRjP2ylCw,
NEW,"New Paradise Men's Spa","346 W 53rd St, New York, NY 10019, USA",4.4,183,"Day Spa","Hell's Kitchen",ChIJy76MeldYwokRyycZfsl4FIU,
NEW,"TMPL Baths","200 Madison Ave, New York, NY 10016, USA",5,2,"Gym Sauna","Midtown",ChIJzZ1XPtlZwokRWeJXzdBp4JE,
NEW,"Hush Manhattan Spa for Men","333 W 52nd St SUITE 802, New York, NY 10019, USA",4.7,104,"Day Spa","Hell's Kitchen",ChIJOVCeJa5ZwokRgfQYsz-HrzU,
NEW,"27 Men Spa","105 W 27th St 2nd Floor, New York, NY 10001, USA",4.1,85,"Day Spa","Chelsea",ChIJoyVre5BZwokR-w3iUX11C34,
NEW,"STEPSOUL SPA","475 9th Ave, New York, NY 10018, USA",4.7,32,"Day Spa","Midtown",ChIJvcPP0_lZwokRCemdNTTkx5o,
NEW,"Snowflakes Spa 10th Avenue","606 10th Ave, New York, NY 10036, USA",4.8,79,"Day Spa","Midtown",ChIJpdA5EeVZwokRDDxEpN8zTpY,
NEW,"Renew York Spa","797 8th Ave 2nd FL, New York, NY 10019, USA",4.7,271,"Korean Spa","Hell's Kitchen",ChIJCygTXK9ZwokRd8B0JwhitLA,
NEW,"SKN Spa","726 10th Ave, New York, NY 10019, USA",4.6,219,"Day Spa","Hell's Kitchen",ChIJazlAU1BYwokRiiggjl8UR-I,
NEW,"Four Seasons Beauty Spa","892 9th Ave, New York, NY 10019, USA",4.8,123,"Day Spa","Hell's Kitchen",ChIJbXhj6RlZwokRtuzh4ouPo7I,
NEW,"Speakeasy of Strength - Hell's Kitchen","411 W 39th St, New York, NY 10018, USA",5,386,"Gym Sauna","Midtown",ChIJIz_Oq1JYwokRPPD6b1C7i64,
NEW,"Planet Fitness","423 W 55th St, New York, NY 10019, USA",3.9,1173,"Gym Sauna","Hell's Kitchen",ChIJ5-42lfrBtokR5tNtMDdQyTY,
NEW,"Crunch Fitness - 54th Street","250 W 54th St, New York, NY 10019, USA",4,398,"Gym Sauna","Hell's Kitchen",ChIJUR_Y5FdYwokRsY5EXp6nojA,
NEW,"Miranda spa & happy hour","8 Stone St, New York, NY 10004, USA",3,2,"Day Spa","Financial District",ChIJj91KiphbwokRrc8XODEyZh0,
NEW,"Casa Cipriani New York | Spa and Wellness","10 South St, New York, NY 10004, USA",4.4,27,"Day Spa","Financial District",ChIJRUXAg6tbwokRK1eXIhc2eSA,
NEW,"Hideaway Spa & Lounge Wall Street","108 Greenwich St #4FL, New York, NY 10006, USA",4.5,259,"Day Spa","Financial District",ChIJu8AcwRBawokRyxiUH6A75g0,
NEW,"ZENARA DAY SPA","43 Exchange Pl, New York, NY 10005, USA",4.2,106,"Day Spa","Financial District",ChIJc1SL7BZawokR8KOy8o2x92w,
NEW,"cozy garden spa","49 Nassau St 5 floor, New York, NY 10038, USA",5,12,"Day Spa","Financial District",ChIJDUM6IghbwokRNngA3ZyxdV8,
NEW,"Water Lounge","161 Water St floor 23, New York, NY 10038, USA",,,"","Financial District",ChIJQ4OlRQBbwokRuznKxdY55x8,
NEW,"Golden Spa","40 Water St #3FL, New York, NY 10004, USA",3.8,13,"Day Spa","Financial District",ChIJYbeL7tm6u2QRQB38t9QLhNQ,
NEW,"Black Label K-SPA","43 Exchange Pl, New York, NY 10005, USA",5,1,"Korean Spa","Financial District",ChIJ4eCxoupbwokRIkSBHYZV4Mo,
NEW,"Spring Garden Spa 30 Ann St","30 Ann St, New York, NY 10038, USA",4.5,355,"Day Spa","Financial District",ChIJ91jraxhawokRxCAGHRk9NJw,
NEW,"LifeSpa by Luxxor","29 New St, New York, NY 10005, USA",5,35,"","Financial District",ChIJj50H-MtbwokRBnXN24VtCGM,
NEW,"SWEAT440 Fitness FiDi","80 John St, New York, NY 10038, USA",4.9,328,"Gym Sauna","Financial District",ChIJBavQMqhbwokRvFmfpDhoAPo,
NEW,"Oculus Fitness","151 William St, New York, NY 10038, USA",4.9,153,"Gym Sauna","Financial District",ChIJcx7xpiJawokRkH6kHdOAGbk,
NEW,"Life Time","1 West St, New York, NY 10004, USA",3.7,33,"Gym Sauna","Financial District",ChIJt_RTHd1bwokRpL0LgC9E7NQ,
NEW,"The SweatShed - FiDi","140 Broadway, New York, NY 10005, USA",,,"Gym Sauna","Financial District",ChIJW3sJPKFbwokROi8Rsux1a58,
NEW,"CrossFit Wall Street","60 New St, New York, NY 10004, USA",5,161,"Gym Sauna","Financial District",ChIJkzX3CRhawokRk-PMY11nVYM,
NEW,"F45 Training Fulton Street Station","80 Nassau St, New York, NY 10038, USA",4.9,77,"Gym Sauna","Financial District",ChIJmQLszDVbwokRMmwOpggRT6k,
NEW,"Exclusive Massage Spa","29 W 32nd St 10 floor, New York, NY 10001, USA",5,7,"Day Spa","Chelsea",ChIJty_j8DxZwokRxMlwNZBHpfU,
NEW,"Serene Skin Club","38 W 32nd St Floor 12A #1310, New York, NY 10001, USA",4.9,135,"","Chelsea",ChIJ-1UgWg9ZwokRWfdJAP0Nqsw,
NEW,"New Yorker Men Spa","862 6th Ave #2FL, New York, NY 10001, USA",4.2,48,"Day Spa","Chelsea",ChIJbxMuMpRZwokR1HhOj5b2XcY,
NEW,"Bodywork by Siam Retreat NYC","38 W 32nd St Suite 1112 , On 11 Floor, New York, NY 10001, USA",4.9,326,"","Chelsea",ChIJR0Y15HpZwokRo5LnkIEtDvE,
NEW,"A Spa cuBe","312 5th Ave #5FL, New York, NY 10001, USA",4.4,5,"Day Spa","Chelsea",ChIJlxVq2xhZwokR6wyyc1VFAZc,
NEW,"Life Time","235 W 33rd St, New York, NY 10119, USA",3.3,84,"Gym Sauna","",ChIJ1_7ka9tZwokRGHIOFR2-WKU,
NEW,"New York Sports Club","3 Park Ave, New York, NY 10016, USA",4,431,"Gym Sauna","Midtown",ChIJQTapvAdZwokR_HEt833ekkA,
NEW,"Planet Fitness","215 W 35th St, New York, NY 10001, USA",3.7,1124,"Gym Sauna","Chelsea",ChIJMwcZKaxZwokRR5gaLW1OYqU,
NEW,"TMPL - Madison","200 Madison Ave, New York, NY 10016, USA",4.7,137,"Gym Sauna","Midtown",ChIJu6uoRABZwokRmZR-aFxPgy8,
NEW,"Tone House","32 E 31st St, New York, NY 10016, USA",4.8,175,"Gym Sauna","Midtown",ChIJWc4lwaJZwokRGKb0zVX7gPQ,
EXISTS,"Bathhouse Flatiron","14 W 22nd St, New York, NY 10010, USA",4.4,2276,,,ChIJkTyq0SlZwokRdtbwK-vZxLw,"matched: Bathhouse Flatiron"
EXISTS,"The SPA Club","22 W 32nd St #4F, New York, NY 10001, USA",4.2,819,,,ChIJMz2se2hZwokRpYyk1kLC21Q,"matched: The SPA Club"
EXISTS,"Othership Flatiron","23 W 20th St, New York, NY 10011, USA",4.9,1098,,,ChIJKxPbBwBZwokRkGZEW6k9FsU,"matched: Othership Flatiron"
EXISTS,"JUVENEX SPA","25 W 32nd St, New York, NY 10001, USA",3.9,558,,,ChIJ1QlZ4KhZwokRLX7Vn4t-G4s,"matched: JUVENEX SPA"
EXISTS,"Russian & Turkish Baths","268 E 10th St, New York, NY 10009, USA",4.2,712,,,ChIJT6uag51ZwokRBV2vUMM3FWQ,"matched: Russian & Turkish Baths"
EXISTS,"Bathhouse Williamsburg","103 N 10th St, Brooklyn, NY 11249, USA",4.3,3654,,,ChIJBTF_ACxZwokRk8y1ICME3F4,"matched: Bathhouse Williamsburg"
EXISTS,"QC NY SPA","Governors Island, 112 Andes Rd, New York, NY 10004, USA",3.9,2054,,,ChIJ6QzFjltbwokRhjgdHc01agI,"matched: QC NY SPA"
EXISTS,"Spa Castle New York","131-10 11th Ave, College Point, NY 11356, USA",4,7581,,,ChIJ9z5s7LOKwokR7QoN7ANnoHU,"matched: Spa Castle"
EXISTS,"New York Spa & Sauna","149-06 Northern Blvd, Flushing, NY 11354, USA",3.9,739,,,ChIJTTUrPSJgwokRA5GNq_8dxJI,"matched: New York Spa & Sauna"
EXISTS,"Chill Space NYC","124 E 40th St #504, New York, NY 10016, USA",4.8,106,,,ChIJ93gQWQFZwokRMuBUS-1tgUk,"matched: Chill Space NYC"
EXISTS,"Brooklyn Bathhouse","731 Flatbush Ave, Brooklyn, NY 11226, USA",4.5,92,,,ChIJcX7MZwBbwokRxlktDQLDP1I,"matched: Brooklyn Bathhouse"
EXISTS,"Bath Club of NY, Inc","1196 Gravesend Neck Rd, Brooklyn, NY 11229, USA",4.3,895,,,ChIJFVLapYpEwokRg7c0afZfk_0,"matched: Russian Bath of NY"
EXISTS,"Akari","202 Grand St, Brooklyn, NY 11211, USA",5,49,,,ChIJfUyIa1pZwokR5WXLrcSKMFA,"matched: Akari Sauna Williamsburg"
EXISTS,"Great Jones Spa","29 Great Jones St, New York, NY 10012, USA",4.3,559,,,ChIJoZydyppZwokRS4Z4loGc6R0,"matched: Great Jones Spa"
EXISTS,"Lore Bathing Club","676 Broadway, New York, NY 10012, USA",5,26,,,ChIJVQTtaABZwokR7eq_fU_19eM,"matched: Lore Bathing Club"
EXISTS,"Tribeca Spa of Tranquility","462 Greenwich St, New York, NY 10013, USA",4.6,351,,,ChIJXy_rYhFZwokRpTBdxmRmz1Q,"matched: Tribeca Spa of Tranquility"
EXISTS,"SoJo Spa Club","660 River Rd, Edgewater, NJ 07020, USA",4.5,13412,,,ChIJ358yeUz2wokRJZ4uCq1YGcY,"matched: SoJo Spa Club"
EXISTS,"cityWell brooklyn","496 President St, Brooklyn, NY 11215, USA",4.9,155,,,ChIJ0cKEvVVawokRpgRnrnuR1LQ,"matched: cityWell Brooklyn"
EXISTS,"Perspire Sauna Studio","191 N 8th St, Brooklyn, NY 11211, USA",4.7,115,,,ChIJvSpYN81ZwokR0PqfuPKUN4M,"matched: Perspire Sauna Studio"
EXISTS,"WORLD SPA","1571 McDonald Ave, Brooklyn, NY 11230, USA",4.3,4117,,,ChIJlTAAft1EwokR3acGnzJxmY8,"matched: WORLD SPA"
EXISTS,"exhale Spa at Virgin Hotels, NYC","VIRGIN HOTELS, 1227 Broadway, New York, NY 10001, USA",4.5,258,,,ChIJRUMLjflZwokRcOB414j29DU,"matched: Virgin Hotels NYC"
EXISTS,"Aman Spa New York","The Crown Building, 730 5th Ave, New York, NY 10019, USA",3,15,,,ChIJT3J2IT9ZwokRvVTnsu6auGM,"matched: Aman New York"
EXISTS,"Area Infrared Sauna & Spa","45 5th Ave, Brooklyn, NY 11217, USA",4.5,152,,,ChIJTaEkma5bwokRbf4oUePYORU,"matched: Area Infrared Sauna"
EXISTS,"SAINT","242 W 29th St, New York, NY 10001, USA",5,13,,,ChIJccyVxX1ZwokRqMEWf9Ni55U,"matched: Saint NYC"
EXISTS,"Powerhouse Gym 158 W. 27th Street Manhattan","158 W 27th St, New York, NY 10001, USA",5,259,,,ChIJcaGsUY1ZwokRJjigSIfiCwM,"matched: Powerhouse Gym NYC"
EXISTS,"Manhattan Plaza Health Club","482 W 43rd St 2nd floor, New York, NY 10036, USA",4.2,547,,,ChIJh_URM9RZwokRiY2kg524fRg,"matched: Manhattan Plaza Health Club"
EXISTS,"Mercedes Club","550 W 54th St, New York, NY 10019, USA",4.5,187,,,ChIJsZLEW1pYwokRocjM7COUYJI,"matched: Mercedes Club"
EXISTS,"TMPL - West Village","125 7th Ave S, New York, NY 10014, USA",4.6,455,,,ChIJxYqdJ9NZwokRt4-PwpWWSaQ,"matched: TMPL West Village"
EXISTS,"Four Seasons Hotel New York Downtown","27 Barclay St, New York, NY 10007, USA",4.7,1281,,,ChIJiz9V4xhawokRorqq7eXaNxM,"matched: Four Seasons Downtown"
EXISTS,"The Greenwich Hotel","377 Greenwich St, New York, NY 10013, USA",4.6,411,,,ChIJTWkuhfVZwokRvaommqZ2oqA,"matched: The Greenwich Hotel"
EXISTS,"Mandarin Oriental, New York","80 Columbus Cir, New York, NY 10023, USA",4.6,1743,,,ChIJL83lHfZYwokRnd7wA8PLD1E,"matched: Mandarin Oriental"
EXISTS,"Equinox Hotel New York","33 Hudson Yards, New York, NY 10001, USA",4.4,666,,,ChIJf-JE3ehZwokRXgoRYPxLMhA,"matched: Equinox Hotel New York"
EXISTS,"Virgin Hotels New York City","1227 Broadway, New York, NY 10001, USA",3.9,1122,,,ChIJ4zLglElZwokR7tWZPZGVsLY,"matched: Virgin Hotels NYC"
EXISTS,"The Dominick","246 Spring St, New York, NY 10013, USA",4.3,717,,,ChIJazM5w4xZwokRr28B0Zb4tCE,"matched: The Dominick Hotel"
EXISTS,"The William Vale","111 N 12th St, Brooklyn, NY 11249, USA",4.3,2893,,,ChIJT0OO0UJZwokRDV4t1oFOrso,"matched: The William Vale"
EXISTS,"The Chatwal - The Unbound Collection by Hyatt","130 W 44th St, New York, NY 10036, USA",4.6,433,,,ChIJ613balVYwokR2Sd7fEqauZs,"matched: The Chatwal"
EXISTS,"Baccarat Hotel New York","28 W 53rd St, New York, NY 10019, USA",4.6,1288,,,ChIJi0E5YvlYwokRp4w4kH4Av-A,"matched: Baccarat Hotel"
EXISTS,"Aman New York","730 5th Ave, New York, NY 10019, USA",4.4,321,,,ChIJM-uWC9VZwokRMm_7bwjHFBg,"matched: Aman New York"
EXISTS,"TMPL Fitness","28-30 Avenue A, New York, NY 10009, USA",4.9,1097,,,ChIJn_7Cad1ZwokRenmBoBeVDLc,"matched: TMPL Avenue A"
EXISTS,"Brooklyn Banya","602 Coney Island Ave, Brooklyn, NY 11218, USA",3.7,428,,,ChIJt6S1MDBbwokRQEKGKk5lbCs,"matched: Brooklyn Banya"
EXISTS,"Akari Greenpoint","149 Franklin St, Brooklyn, NY 11222, USA",5,11,,,ChIJM1CUCQ5ZwokRmVUE8mzRHJM,"matched: Akari Sauna Greenpoint"
EXISTS,"Mermaid Spa","3703 Mermaid Ave, Brooklyn, NY 11224, USA",4.2,1123,,,ChIJt3wUK8JFwokR-rh1u1xOiFU,"matched: Mermaid Spa"
EXISTS,"Life Time","18 6th Ave, Brooklyn, NY 11217, USA",4.3,123,,,ChIJvQzkNABbwokRthaomAVMEnM,"matched: Life Time Atlantic Avenue"
EXISTS,"VITAL Climbing Gym - Brooklyn","221 N 14th St, Brooklyn, NY 11249, USA",4.6,785,,,ChIJqR_jAeRZwokRpmZBdYTeb9A,"matched: VITAL Climbing Gym Brooklyn"
EXISTS,"beem® Light Sauna - Park Slope","367 5th Ave, Brooklyn, NY 11215, USA",5,85,,,ChIJC_avtUFbwokRubpUaSNaD0c,"matched: beem Light Sauna"
EXISTS,"Forest Hills Spa","59-21 Calloway St, Corona, NY 11368, USA",4,337,,,ChIJl0uR18xfwokR3HxivZCf3LA,"matched: QF SPA"
FILTERED,"AIRE Ancient Baths New York · Tribeca","88 Franklin St, New York, NY 10013, USA",4.5,2134,,,ChIJ63NebSBawokRnDuPylB7t38,"excluded type: store"
FILTERED,"Wall Street Bath & Spa 88","88 Fulton St, New York, NY 10038, USA",4.2,898,,,ChIJw0iarSJawokRYslMIjGxy1o,"excluded type: restaurant"
FILTERED,"Remedy Place Flatiron","12 W 21st St FRNT 1, New York, NY 10010, USA",4.6,97,,,ChIJhXiVU2hZwokRf4Fky0Z472w,"excluded type: doctor"
FILTERED,"AIRE Ancient Baths New York · Upper East Side","305 E 61st St, New York, NY 10065, USA",4.2,169,,,ChIJ5StDm9JZwokRzcYuBMHP3iU,"excluded type: store"
FILTERED,"Head Spa Day - Korean Head Spa","1100 2nd Ave, New York, NY 10022, USA",5,46,,,ChIJ-7GYqfZZwokRQev4TytxGO4,"excluded name: head\s*spa"
FILTERED,"Island Spa & Sauna","1769 Lincoln Hwy, Edison, NJ 08817, USA",4.5,3515,,,ChIJjSmrWd_Hw4kRJ87lJumeh_k,"excluded type: restaurant"
FILTERED,"Sisley Spa at The Dominick","246 Spring St 7th floor, New York, NY 10013, USA",4.5,106,,,ChIJxxvMe-JZwokRKeIEmRlYM0U,"excluded type: store"
FILTERED,"Clean Market","240 E 54th St, New York, NY 10022, USA",4.9,646,,,ChIJ2Xd7EdpZwokRGnSyhDBntu4,"excluded type: store"
FILTERED,"Clean Market","250 Vesey St 2nd floor, New York, NY 10281, USA",4.9,203,,,ChIJbwsKYcZbwokRpiaJ6WfJ6Uc,"excluded type: store"
FILTERED,"Kollectiv | Sauna, Cryotherapy, Massage, CRYOSKIN, Energy Healing, Spa in New York","21 E 1st St, New York, NY 10003, USA",4.5,49,,,ChIJAQBw-IRZwokRhDN-b7dtdU4,"excluded name: \bcryotherapy\b"
FILTERED,"Remedy Place SoHo","11 Greene St, New York, NY 10013, USA",4.9,57,,,ChIJE4Zm12FZwokRujB68vExqV8,"excluded type: doctor"
FILTERED,"Chelsea Piers Fitness","60 Chelsea Piers, New York, NY 10011, USA",4.3,310,,,ChIJpU_OQaNZwokRQzMcOH2BFzk,"excluded type: cafe"
FILTERED,"Solace New York","38 E 32nd St, New York, NY 10016, USA",4.8,210,,,ChIJK9OvHahZwokRYp57USO2Tak,"excluded type: clothing_store"
FILTERED,"Casa Cipriani New York","10 South St, New York, NY 10004, USA",4.6,284,,,ChIJ0dVHoBRawokRgbrPq2vhIxc,"excluded type: restaurant"
FILTERED,"The Marmara Park Avenue","114 E 32nd St, New York, NY 10016, USA",4.2,1062,,,ChIJ8_fA4AdZwokRtVMX4Yv9niQ,"excluded name: \bpark\b(?!.*(?:spa|sauna|bath|slope))"
FILTERED,"The Hotel Chelsea","222 W 23rd St, New York, NY 10011, USA",4.7,593,,,ChIJZ2_TLytZwokR03K2GtOG9h8,"excluded type: bar"
FILTERED,"BRC Day Spa & Sauna Resort","24-20 Broadway, Fair Lawn, NJ 07410, USA",4.3,1340,,,ChIJBcLP-6T7wokRuKVIC84zIIY,"excluded type: restaurant"
FILTERED,"Body By Brooklyn","275 Park Ave, Brooklyn, NY 11205, USA",4,707,,,ChIJoSEl_MZbwokRcRiR7vpzqn8,"excluded type: night_club"
FILTERED,"Chelsea Piers Fitness","265 Schermerhorn St, Brooklyn, NY 11217, USA",4.1,284,,,ChIJU4CMLk1awokRYTWXZGWigqI,"excluded type: cafe"
FILTERED,"Life Time","168 Front St, Brooklyn, NY 11201, USA",3.2,252,,,ChIJWfVbMZ1bwokR-MYYRjKGkUY,"excluded type: school"
FILTERED,"Fit Club Williamsburg Physical Therapy","203 Berry St, Brooklyn, NY 11249, USA",4.9,143,,,ChIJJRYJcUBZwokR09z56sIGTME,"excluded type: doctor"
FILTERED,"The 14th Street Y","344 E 14th St, New York, NY 10003, USA",4.3,315,,,ChIJK5joHp5ZwokRwRU5RdJb4vo,"excluded type: school"
FILTERED,"Why Not Men's Spa","174-04 W 4th St, New York, NY 10014, USA",4.1,165,,,ChIJ1djL7pNZwokR3udrwk81SGw,"excluded type: store"
FILTERED,"Chillhouse Soho Flagship","75 Varick St, New York, NY 10013, USA",4,284,,,ChIJV_-5n4ZZwokRSL8e4VJZTg8,"excluded type: cafe"
FILTERED,"Aesthetic Lab Tribeca","28 Warren St 2nd floor, New York, NY 10007, USA",5,23,,,ChIJjaT77wZbwokRkap4Rg8FaXY,"no relevant signals"
FILTERED,"DTX Gravity Colonics","226 E 54th St 6th Floor, New York, NY 10022, USA",4.9,47,,,ChIJnyiWhuNYwokRozl_cDWDrJY,"excluded type: store"
FILTERED,"Equinox Bryant Park","129 W 41st St, New York, NY 10036, USA",3.9,158,,,ChIJjduI26pZwokRD7GqFS8Hcl8,"excluded name: \bpark\b(?!.*(?:spa|sauna|bath|slope))"
FILTERED,"Four Seasons Spa","1760 2nd Ave, New York, NY 10128, USA",4.6,88,,,ChIJA-3XlBdZwokRzM5pnK-aRyc,"excluded type: park"
FILTERED,"Wellness Spa 71","211 W 71st St, New York, NY 10023, USA",5,83,,,ChIJk-cOCHBZwokRtG2bD6uAdbk,"excluded type: doctor"
FILTERED,"Upper West Side Yoga and Wellness","75B W 85th St, New York, NY 10024, USA",5,30,,,ChIJ0cYK2IRYwokRPRmMh0HwfCE,"excluded type: school"
FILTERED,"Gertrude Ederle Recreation Center","232 W 60th St, New York, NY 10023, USA",4.2,297,,,ChIJ5zs8AlxYwokRVhJtMofM0BE,"excluded name: recreation\s*center"
FILTERED,"Vanity House NYC","2053 Frederick Douglass Blvd, New York, NY 10026, USA",4.7,158,,,ChIJ5YTKUwD3wokREqlPF-7GvIg,"excluded type: cafe"
FILTERED,"Romantic Depot Sex Store, Sex Shop, Adult Store with Adult Toys","3418 Broadway, New York, NY 10031, USA",4.9,3322,,,ChIJtcEI02X2wokR9DLFaJ5i3nc,"excluded type: clothing_store"
FILTERED,"Marcus Garvey Park","6316 Mt Morris Park W, New York, NY 10027, USA",4.3,4723,,,ChIJHa6lPAz2wokRlRyxNExaJbQ,"excluded type: park"
FILTERED,"The SPAaaht","Corner of 149th and, 775 St Nicholas Ave, New York, NY 10031, USA",4.9,52,,,ChIJZys-uH32wokRdG4UVmxeO3I,"excluded type: clothing_store"
FILTERED,"Abraham Lincoln Playground","5th Ave &, 24 E 135th St, New York, NY 10037, USA",4,157,,,ChIJ6-JT5nX2wokRusw1c8WFxug,"excluded type: playground"
FILTERED,"Jackie Robinson Recreation Center","85 Bradhurst Ave., New York, NY 10039, USA",4.3,623,,,ChIJgzplcn72wokRpwVCAYr77ls,"excluded type: park"
FILTERED,"Lt Joseph P. Kennedy, Jr Community Center","34 W 134th St, New York, NY 10037, USA",4.3,239,,,ChIJixVOJHT2wokRvUXh4kotFkQ,"excluded name: community\s*center"
FILTERED,"Howard Bennett Playground","32 W 136th St, New York, NY 10037, USA",4.1,155,,,ChIJeSAgY3b2wokRQJLKHzuJ9hw,"excluded type: park"
FILTERED,"Movement Harlem","256 W 125th St, New York, NY 10027, USA",4.7,261,,,ChIJPa5t1iX3wokRveehOHpxaws,"no relevant signals"
FILTERED,"Hurricane Fitness","226 W 141st St, New York, NY 10030, USA",5,42,,,ChIJcSdDdL73wokRUrW_xsETkl8,"excluded type: store"
FILTERED,"Roger Grand Fitness","1800 Adam Clayton Powell Jr Blvd, New York, NY 10026, USA",5,7,,,ChIJZd1GJ3j3wokRXntAwXCXhi4,"no relevant signals"
FILTERED,"Spa | Massage | Sunset Park","First floor, 5117 7th Ave, Brooklyn, NY 11220, USA",4.7,7,,,ChIJh2rs6sBbwokR0HzfHXTUUPA,"excluded name: \bpark\b(?!.*(?:spa|sauna|bath|slope))"
FILTERED,"Prospect Park YMCA","357 9th St, Brooklyn, NY 11215, USA",4,439,,,ChIJQTGoDP1awokR38Ag0GKwpMI,"excluded name: \bpark\b(?!.*(?:spa|sauna|bath|slope))"
FILTERED,"Movement Gowanus","242 Butler St, Brooklyn, NY 11217, USA",4.7,647,,,ChIJGSXiit5bwokRio4P7GnfxiI,"no relevant signals"
FILTERED,"Refresh Head Spa","909 Manhattan Ave, Brooklyn, NY 11222, USA",4.9,209,,,ChIJI1oHieJZwokRucxmhaic-xQ,"excluded name: head\s*spa"
FILTERED,"Blissful Headspace Spa","662 Manhattan Ave, Brooklyn, NY 11222, USA",4.9,1489,,,ChIJOa320f9ZwokRnplGzj-HujA,"excluded name: head\s*spa"
FILTERED,"Greenpoint Athletics","188 Dupont St, Brooklyn, NY 11222, USA",4.9,74,,,ChIJwcNRyz5ZwokR-WgTZohWBcQ,"no relevant signals"
FILTERED,"New York Custom Saunas","488 Morgan Ave Suite 4, Brooklyn, NY 11222, USA",5,8,,,ChIJYSG6OYFZwokR1OIpsNaqzjM,"excluded type: store"
FILTERED,"Natura Spa | Hair Salon","30-79 Steinway St, Astoria, NY 11103, USA",4.7,881,,,ChIJw94yqD5fwokRt34cqXN4ga4,"excluded name: hair\s*salon"
FILTERED,"Fit Club Astoria Physical Therapy","21-03 31st Ave, Astoria, NY 11106, USA",4.9,147,,,ChIJVZT7NzNfwokRCNmX5Dgq7PU,"excluded type: doctor"
FILTERED,"The Club at Jackson Park","28-16 Jackson Ave, Long Island City, NY 11101, USA",4.1,8,,,ChIJrys4KYpZwokR2Fmp1bayN2U,"excluded name: \bpark\b(?!.*(?:spa|sauna|bath|slope))"
FILTERED,"DEANOFTHEGAME FITNESS","34-01 38th Ave, Astoria, NY 11101, USA",4.9,53,,,ChIJEZ2JkZRfwokRB0KWzXh7x38,"no relevant signals"
FILTERED,"Equinox Park Avenue","1 Park Ave, New York, NY 10016, USA",3.5,105,,,ChIJA_ke6gdZwokR0jhdev7ZA_4,"excluded name: \bpark\b(?!.*(?:spa|sauna|bath|slope))"